ID,Q1,Q2,Q3_1,Q3_2,Q3_3,Q3_4,Q3_5,Q4_1,Q4_2,Q4_3,Q4_4
1,1,6,4,1,1,1,1,1,1,1,4
2,1,1,3,4,4,1,1,2,1,2,1
3,1,6,2,1,1,1,1,1,1,3,1
4,1,11,3,1,4,4,4,1,1,1,4
5,1,1,3,1,1,4,1,1,1,9,4
6,1,11,2,1,2,3,3,1,2,5,3
7,1,1,1,1,1,3,1,1,2,1,1
8,1,11,3,1,2,3,4,1,2,5,1
9,1,6,3,1,1,2,2,1,2,3,1
10,1,11,3,4,4,4,4,1,2,3,1
11,1,1,4,4,2,4,4,1,2,11,1
12,1,6,1,2,1,3,2,1,2,1,1
13,1,11,3,3,2,3,2,1,2,5,1
14,1,1,1,1,1,4,1,1,2,11,1
15,1,21,1,1,2,2,1,1,3,1,3
16,1,11,3,1,1,1,1,1,3,2,1
17,1,11,1,1,1,3,3,1,3,3,3
18,1,6,3,1,1,1,1,1,3,11,1
19,1,1,1,1,1,1,1,1,3,1,1
20,1,6,4,4,1,1,1,1,3,1,3
21,1,11,1,2,3,3,3,1,3,1,4
22,1,6,1,2,2,2,2,1,3,1,.
23,1,11,1,1,3,2,2,1,3,1,1
24,1,11,3,1,2,3,3,1,3,1,4
25,1,21,2,3,2,3,3,1,3,1,5
26,1,21,1,3,2,3,2,1,3,1,5
27,1,21,3,1,2,3,4,1,3,1,4
28,1,11,3,1,1,3,1,1,3,5,1
29,1,21,2,1,2,2,1,1,3,11,1
30,1,11,2,4,1,4,1,1,3,1,5
31,1,21,3,3,2,3,2,1,4,3,1
32,1,21,1,1,1,1,1,1,4,1,1
33,1,31,3,1,1,3,2,1,4,1,3
34,1,21,2,2,2,3,3,1,4,3,1
35,1,31,3,3,1,3,3,1,4,1,4
36,1,11,3,3,1,3,3,1,4,11,1
37,1,11,3,3,1,2,4,1,4,1,1
38,1,11,3,1,4,1,4,1,4,5,5
39,1,11,1,1,1,1,1,1,4,1,5
40,1,31,3,2,1,1,1,1,4,11,.
41,1,31,3,1,4,4,3,1,5,11,1
42,1,21,1,1,1,4,4,1,5,11,1
43,1,31,1,1,1,1,1,1,5,11,1
44,1,31,4,1,1,3,1,1,5,3,1
45,1,31,3,1,1,4,4,1,5,1,1
46,1,21,3,1,4,4,4,1,5,3,1
47,1,1,1,1,1,1,1,1,5,1,1
48,1,31,3,1,1,2,1,1,5,11,.
49,1,31,3,4,2,2,4,1,5,11,3
50,1,21,1,1,1,1,4,2,5,11,1
51,1,31,3,1,1,1,4,2,5,11,1
52,1,31,1,1,2,3,3,1,5,1,1
53,1,31,3,1,1,4,3,1,5,1,1
54,1,31,3,1,4,1,1,1,5,3,1
55,1,31,1,1,1,2,1,1,5,11,1
56,1,11,3,4,2,3,3,1,3,1,3
57,1,21,1,1,1,2,2,1,3,3,3
58,1,11,3,3,3,3,3,1,3,1,1
59,1,11,4,2,1,2,3,1,3,1,1
60,1,1,3,4,4,3,2,1,4,3,1
61,1,31,3,2,1,2,2,1,4,11,1
62,1,31,1,1,2,3,1,1,4,11,1
63,1,21,3,3,2,3,1,1,4,1,4
64,1,21,4,4,1,4,4,1,4,1,.
65,1,21,3,3,3,3,3,1,4,1,5
66,1,11,3,2,2,4,4,2,4,11,1
67,1,11,1,1,1,1,4,1,4,3,1
68,1,21,1,4,2,3,4,1,4,1,3
69,1,31,3,2,1,3,3,1,4,.,1
70,1,21,3,1,2,3,3,1,4,5,.
71,1,31,3,2,1,3,3,1,4,5,.
72,1,21,1,1,1,1,1,1,4,11,1
73,1,31,2,2,1,1,1,1,4,3,1
74,1,31,1,1,1,4,4,1,4,3,1
75,1,21,1,1,1,1,1,1,4,3,4
76,1,11,1,1,1,2,2,1,5,1,3
77,1,21,2,2,2,3,3,1,3,2,1
78,1,31,2,1,1,4,4,1,3,3,.
79,1,21,2,1,3,1,1,1,3,1,5
80,1,11,3,2,1,1,1,1,3,5,.
81,1,21,1,1,1,1,1,1,3,1,1
82,1,21,3,1,1,1,3,1,3,5,3
83,1,11,3,3,1,3,1,1,3,5,.
84,1,6,3,2,1,3,1,1,3,1,1
85,1,11,2,1,1,3,3,1,3,5,3
86,1,21,3,1,3,1,1,1,3,5,1
87,1,21,3,1,4,3,3,1,3,1,4
88,1,11,4,3,1,4,4,1,3,5,.
89,1,21,3,1,2,2,2,1,3,1,4
90,1,21,1,1,1,2,1,1,3,2,3
91,1,11,4,1,1,4,4,1,3,1,.
92,1,1,3,1,2,1,1,1,3,5,4
93,1,11,1,1,1,1,1,1,3,3,1
94,1,11,3,2,1,4,4,1,3,5,.
95,1,11,3,3,1,3,3,1,3,2,3
96,1,11,2,4,1,3,3,1,3,1,5
97,1,11,1,3,2,2,1,1,3,1,1
98,1,11,1,3,3,1,4,1,3,3,1
99,1,6,4,1,1,3,3,1,3,11,1
100,1,21,1,3,1,3,1,1,3,1,5
101,1,11,3,4,2,3,3,1,3,5,.
102,1,11,3,3,1,3,3,1,3,1,4
103,1,11,3,1,1,1,1,1,3,5,1
104,1,11,4,1,1,3,3,1,2,3,3
105,1,11,3,4,2,3,2,1,2,1,.
106,1,11,1,1,1,2,1,1,2,5,4
107,1,11,3,3,1,3,2,1,2,1,3
108,1,11,3,1,1,1,2,1,2,5,1
109,1,11,3,1,2,3,1,1,2,1,5
110,1,11,1,3,1,3,3,1,2,5,.
111,1,6,1,1,3,3,3,1,2,5,1
112,1,6,1,1,1,2,1,1,2,11,3
113,1,21,1,1,2,4,1,1,2,5,3
114,1,11,2,1,2,2,4,1,2,2,5
115,1,11,3,2,2,3,1,1,2,5,1
116,1,21,3,3,1,2,2,1,3,1,3
117,1,21,3,1,2,2,3,1,3,3,1
118,1,6,1,3,1,3,1,1,1,2,1
119,1,6,1,1,2,3,3,1,1,1,4
120,1,6,3,1,1,3,3,1,2,1,1
121,1,6,3,1,1,3,4,1,2,1,3
122,1,6,1,1,1,1,1,1,2,5,3
123,1,6,3,3,2,3,2,1,2,1,3
124,1,6,3,1,3,3,3,1,2,11,.
125,1,6,1,1,1,1,2,1,2,11,1
126,1,6,3,3,2,3,2,1,2,5,1
127,1,6,3,1,1,3,3,1,2,5,4
128,1,11,3,1,1,3,4,1,2,5,.
129,1,11,3,3,2,3,1,1,2,5,.
130,1,1,1,3,2,2,1,1,2,5,1
131,1,11,1,2,2,3,1,1,2,5,1
132,1,6,2,1,1,3,3,1,2,1,3
133,1,6,3,1,2,4,2,1,2,5,1
134,1,6,3,1,1,3,3,1,2,5,3
135,1,6,3,2,1,3,3,1,2,1,4
136,1,1,1,1,1,4,4,1,2,1,1
137,1,1,3,1,2,1,1,2,1,5,5
138,1,1,1,1,2,3,1,1,1,5,4
139,1,1,1,1,1,4,1,1,1,1,.
140,1,6,4,1,2,4,1,1,1,3,1
141,1,6,3,1,2,2,1,1,1,5,1
142,1,1,3,1,1,4,4,1,1,9,3
143,1,6,3,1,2,4,4,1,1,1,1
144,1,1,1,1,1,3,2,1,1,9,4
145,1,1,1,1,1,1,1,1,1,5,1
146,1,6,1,2,2,2,1,1,1,5,1
147,1,1,1,2,1,1,1,1,1,11,1
148,1,1,1,1,1,4,3,1,1,9,3
149,1,1,2,3,2,4,4,1,1,9,.
150,1,1,3,2,1,4,1,1,1,9,.
151,1,1,1,1,1,1,1,1,1,11,3
152,1,6,1,1,1,2,2,1,1,5,1
153,1,6,1,1,1,3,1,1,1,9,1
154,1,6,3,2,3,1,1,1,1,3,5
155,1,6,2,2,1,2,2,1,1,1,3
156,1,11,3,1,1,1,4,1,2,5,1
157,1,21,4,4,4,1,1,1,4,3,1
158,1,21,4,1,1,4,4,1,3,1,4
159,1,6,1,1,1,2,3,1,1,9,5
160,1,31,2,1,4,4,1,1,4,11,1
161,1,21,3,4,3,4,4,1,4,11,1
162,1,21,2,1,2,2,2,1,3,1,4
163,1,6,1,1,1,1,1,1,3,1,1
164,1,1,1,1,1,4,2,1,1,9,.
165,1,1,2,1,1,2,1,1,1,5,1
166,1,1,3,1,3,1,1,1,1,11,3
167,1,11,1,1,1,3,4,1,3,1,1
168,1,11,3,3,2,3,3,1,3,1,.
169,1,11,1,1,3,3,3,1,3,3,4
170,1,6,1,1,1,3,3,1,2,5,3
171,1,11,3,1,1,2,2,1,2,5,1
172,1,6,3,3,3,2,2,1,2,5,1
173,1,11,3,1,1,4,1,1,2,1,4
174,1,11,3,1,4,4,4,1,2,1,5
175,1,6,2,1,1,3,3,1,2,11,1
176,1,6,3,4,1,4,4,1,2,1,.
177,1,11,3,2,1,2,2,1,2,5,1
178,1,11,1,1,1,1,1,1,2,1,4
179,1,11,3,1,1,1,1,1,2,5,1
180,1,6,1,1,1,3,3,1,1,9,3
181,1,6,1,1,1,2,1,1,1,5,3
182,1,6,3,1,2,2,1,1,1,5,1
183,1,6,2,4,1,4,2,1,1,9,.
184,1,31,1,1,2,3,3,1,4,1,4
185,1,21,4,1,4,2,1,1,4,11,.
186,1,21,3,1,1,3,3,1,4,1,1
187,1,21,3,1,1,3,3,1,4,3,4
188,1,21,1,3,1,1,2,1,3,1,4
189,1,21,1,1,2,3,4,1,3,5,3
190,1,21,3,1,1,3,4,1,3,5,3
191,1,11,1,1,1,3,3,1,3,1,5
192,1,11,1,1,1,4,3,1,3,11,3
193,1,21,4,1,1,4,1,1,5,11,1
194,1,31,3,2,1,4,4,1,5,11,1
195,1,31,1,2,4,4,4,1,5,11,1
196,1,31,1,3,1,1,3,1,5,11,1
197,1,21,3,3,4,3,3,1,5,11,1
198,1,31,3,3,4,3,3,1,4,1,5
199,1,21,3,2,2,2,2,1,4,3,1
200,1,21,3,1,2,3,1,1,4,11,1
201,1,6,2,1,1,3,1,1,4,11,1
202,1,31,1,1,1,1,1,1,4,11,3
203,1,11,3,2,2,4,2,1,4,.,.
204,1,21,2,1,2,1,1,1,4,11,3
205,1,21,1,1,1,1,1,1,4,11,4
206,1,21,1,1,1,2,2,1,4,3,1
207,1,21,3,1,1,1,1,1,4,11,1
208,1,21,3,1,1,1,1,1,4,5,4
209,1,11,1,3,1,4,4,1,3,3,1
210,1,21,3,1,1,3,4,1,3,11,1
211,1,6,3,1,1,2,2,1,3,1,1
212,1,11,3,1,2,2,2,1,3,11,.
213,1,11,1,2,2,4,1,1,3,3,1
214,1,11,2,1,1,3,4,1,3,5,5
215,1,11,3,3,1,3,4,1,3,1,1
216,1,21,4,3,1,1,1,1,3,1,5
217,1,11,2,3,1,4,1,1,3,5,3
218,1,21,4,1,1,4,1,1,3,5,3
219,1,11,3,1,1,2,2,1,3,1,5
220,1,21,3,3,1,1,1,1,3,11,4
221,1,21,2,1,1,1,1,1,3,1,4
222,1,21,1,1,1,2,2,1,3,3,1
223,1,1,2,3,2,3,3,1,3,2,1
224,1,21,1,1,1,3,3,1,3,3,1
225,1,11,1,1,1,3,2,1,3,1,.
226,1,11,3,1,1,3,3,1,3,5,1
227,1,11,3,1,1,3,4,1,3,11,1
228,1,11,1,1,1,1,2,1,3,5,1
229,1,1,3,1,3,3,3,1,2,1,4
230,1,6,1,1,1,2,1,1,2,5,3
231,1,6,1,1,1,4,1,1,2,1,3
232,1,6,3,4,2,4,4,1,2,9,4
233,1,6,3,1,1,2,2,2,2,11,3
234,1,11,3,1,1,1,1,1,2,11,3
235,1,6,3,3,1,3,1,1,2,5,1
236,1,6,3,3,1,3,4,1,2,5,1
237,1,11,1,3,1,3,4,1,2,5,1
238,1,6,1,1,4,4,4,1,2,1,4
239,1,11,3,1,1,1,1,1,2,5,4
240,1,21,3,3,1,3,1,1,2,11,1
241,1,6,1,3,1,4,1,1,2,5,1
242,1,11,1,3,1,3,2,1,2,1,3
243,1,11,1,1,1,1,1,1,2,5,3
244,1,6,3,1,1,3,1,1,2,5,1
245,1,6,3,3,1,4,4,1,1,2,1
246,1,6,2,2,2,4,4,1,1,11,3
247,1,6,3,1,3,2,3,1,1,5,4
248,1,1,3,1,2,3,3,1,1,9,4
249,1,1,2,1,1,4,4,1,1,2,1
250,1,6,1,1,2,2,2,1,1,1,5
251,1,1,2,1,1,1,4,1,1,11,.
252,1,6,3,4,1,2,2,1,1,1,3
253,1,1,3,3,1,1,2,1,1,2,1
254,1,1,3,1,2,2,2,1,1,5,4
255,1,1,1,1,1,4,1,1,1,5,3
256,1,6,2,1,1,2,2,1,1,1,4
257,1,6,3,4,1,3,4,1,1,11,1
258,1,1,2,1,1,3,4,1,1,1,4
259,1,6,3,1,1,1,1,1,1,5,5
260,1,6,2,1,1,4,4,1,1,1,5
261,1,31,3,1,1,3,3,1,5,11,1
262,1,31,1,1,1,4,1,1,5,11,1
263,1,31,1,1,1,1,4,1,5,11,1
264,1,31,3,1,1,3,3,1,5,11,1
265,1,31,3,1,1,1,1,1,5,11,1
266,1,21,3,2,1,3,3,1,4,11,1
267,1,21,3,3,1,3,1,1,4,1,1
268,1,21,1,3,1,3,3,1,4,11,1
269,1,31,3,3,3,3,3,1,4,11,1
270,1,31,2,4,2,2,2,1,4,11,1
271,1,11,1,1,1,3,3,1,4,11,1
272,1,31,3,3,1,3,2,1,4,11,1
273,1,31,3,4,4,4,4,1,4,11,1
274,1,21,3,3,1,4,1,1,4,11,1
275,1,31,3,1,1,1,1,1,4,11,1
276,1,31,4,1,1,1,2,1,4,11,1
277,1,21,3,1,3,3,3,1,3,1,1
278,1,21,3,1,1,3,2,1,3,1,1
279,1,6,1,1,3,1,3,1,3,1,3
280,1,21,3,2,1,3,3,1,3,11,1
281,1,11,3,4,1,2,1,1,3,.,4
282,1,11,1,1,2,4,4,1,3,3,1
283,1,11,3,1,1,4,1,1,3,2,1
284,1,21,1,1,1,3,4,1,3,3,1
285,1,11,3,1,2,3,1,1,3,3,1
286,1,11,3,1,4,4,1,1,3,3,1
287,1,11,3,3,1,3,3,1,3,11,4
288,1,21,1,1,1,1,4,1,3,11,1
289,1,21,1,1,1,2,2,1,3,5,1
290,1,21,3,1,1,1,3,1,3,11,1
291,1,11,1,1,2,3,3,1,3,5,3
292,1,21,3,2,2,3,3,1,3,11,1
293,1,11,3,3,1,3,3,1,3,11,1
294,1,11,3,1,2,3,2,1,3,11,1
295,1,11,1,1,1,2,1,1,3,3,1
296,1,11,3,3,2,3,3,1,3,11,1
297,1,6,3,1,1,1,1,1,3,11,1
298,1,11,2,1,1,1,1,1,2,1,.
299,1,6,3,2,4,3,1,1,2,3,4
300,1,11,3,1,1,3,3,1,2,3,1
301,1,11,1,3,2,4,2,1,2,5,1
302,1,11,3,4,3,3,4,1,2,3,5
303,1,11,1,1,1,1,1,1,2,1,3
304,1,11,2,1,1,1,1,1,2,11,1
305,1,21,2,3,1,3,1,1,2,11,1
306,1,11,2,1,1,3,1,1,2,1,1
307,1,11,3,1,1,4,1,1,2,11,3
308,1,6,3,3,1,2,1,1,2,3,1
309,1,11,3,3,3,3,3,1,2,5,3
310,1,11,1,1,1,4,1,1,2,11,3
311,1,6,2,1,3,3,4,1,2,1,1
312,1,11,3,3,1,3,3,1,2,11,1
313,1,6,1,2,1,4,1,1,1,9,.
314,1,1,3,3,1,3,3,1,1,5,3
315,1,6,3,1,3,4,4,1,1,9,1
316,1,6,1,1,4,1,4,1,1,9,.
317,1,1,1,4,1,4,3,1,1,9,.
318,1,1,1,3,1,4,4,1,1,9,.
319,1,1,3,4,3,2,1,1,1,9,5
320,1,6,1,1,1,1,1,1,1,5,1
321,1,1,1,1,1,3,2,1,1,9,1
322,1,6,3,1,2,3,2,1,1,1,1
323,1,6,3,1,3,2,1,1,1,1,4
324,1,6,3,4,1,1,4,1,1,11,.
325,1,1,2,1,1,3,3,1,1,11,.
326,1,6,2,1,2,4,4,1,1,3,1
327,1,1,3,1,1,3,2,1,1,2,1
328,1,1,2,1,1,3,3,1,1,9,1
329,1,1,1,1,1,4,4,1,1,5,4
330,1,1,3,1,2,1,1,1,1,11,3
331,1,6,3,3,1,4,2,1,1,5,4
332,1,1,2,1,1,1,1,1,1,.,.
333,1,6,3,2,1,2,2,1,1,5,4
334,1,6,3,1,1,2,1,1,1,2,3
335,1,6,3,1,1,2,2,1,1,3,1
336,1,6,3,2,2,3,3,1,1,3,1
337,1,1,1,4,1,4,4,1,1,9,3
338,1,6,1,1,1,1,1,1,1,2,5
339,1,6,3,3,1,3,2,1,1,5,4
340,1,6,3,1,1,2,1,1,1,2,1
341,1,6,3,2,2,2,2,1,1,2,3
342,1,1,3,1,1,1,1,1,1,11,1
343,1,6,3,1,1,4,1,1,2,5,1
344,1,6,1,1,1,2,2,1,2,5,1
345,1,11,2,1,1,2,2,1,2,11,1
346,1,6,1,3,1,2,1,1,2,11,1
347,1,6,1,2,1,2,1,1,2,1,3
348,1,6,1,1,2,2,1,1,2,5,3
349,1,6,3,4,1,3,4,1,2,1,1
350,1,6,2,2,1,4,4,1,2,1,4
351,1,6,3,3,2,3,1,1,2,5,3
352,1,11,2,2,1,2,1,1,2,1,4
353,1,11,3,1,1,3,3,1,2,11,3
354,1,11,3,1,1,1,1,1,2,1,3
355,1,11,1,3,1,1,1,1,2,5,4
356,1,1,3,1,1,2,2,1,2,11,1
357,1,21,3,1,1,4,1,1,3,11,1
358,1,11,2,2,2,2,2,1,3,3,1
359,1,6,2,2,2,2,2,1,3,1,3
360,1,11,3,1,1,3,4,1,3,5,3
361,1,21,1,2,2,4,3,1,3,11,1
362,1,11,3,2,2,4,2,1,3,11,3
363,1,11,1,1,1,2,4,1,3,11,1
364,1,21,3,1,2,4,4,1,3,11,4
365,1,6,1,2,1,2,1,1,3,5,1
366,1,11,3,1,1,2,1,1,3,5,1
367,1,1,3,1,1,2,2,2,3,11,1
368,1,11,2,2,1,3,3,1,3,11,1
369,1,11,1,2,2,2,2,1,3,3,1
370,1,11,1,1,1,4,1,1,3,5,3
371,1,11,2,1,1,2,2,1,3,1,3
372,1,21,3,2,1,3,3,1,3,3,1
373,1,21,3,1,1,2,2,1,3,11,1
374,1,11,3,1,1,3,3,1,3,1,4
375,1,1,2,1,1,1,1,1,3,1,3
376,1,11,2,1,2,3,2,1,3,3,1
377,1,21,2,1,1,2,2,1,4,11,1
378,1,31,3,3,3,3,2,1,4,3,1
379,1,6,1,3,3,2,2,2,4,11,1
380,1,31,1,1,1,4,2,1,4,11,.
381,1,21,3,3,1,1,1,1,4,11,1
382,1,31,1,2,3,1,1,1,4,3,1
383,1,31,3,1,3,1,1,1,4,1,3
384,1,31,1,1,1,2,2,1,4,11,1
385,1,31,3,1,1,1,1,1,4,1,1
386,1,21,2,3,1,1,2,1,4,1,1
387,1,31,2,1,1,4,1,1,4,11,1
388,1,31,2,1,2,1,1,1,5,11,1
389,1,31,2,1,1,2,2,1,5,11,1
390,1,31,2,2,2,2,4,1,5,11,1
391,1,31,2,1,1,2,2,1,5,11,1
392,1,11,3,3,3,1,3,1,5,11,1
393,1,1,3,1,1,3,3,1,1,11,3
394,1,1,2,1,1,2,2,1,1,11,1
395,1,6,2,3,1,3,2,1,2,11,1
396,1,11,3,1,1,2,2,1,2,3,1
397,1,11,1,4,2,4,4,1,2,3,3
398,1,6,3,1,2,4,4,1,2,1,1
399,1,11,1,1,1,2,1,1,2,5,4
400,1,11,3,1,1,4,4,1,3,1,1
401,1,21,2,1,1,1,1,1,3,11,5
402,1,11,1,1,1,3,1,1,3,1,5
403,1,21,3,2,1,2,2,1,3,11,3
404,1,11,3,1,4,4,1,1,3,11,1
405,1,21,1,1,1,2,4,1,3,3,3
406,1,21,3,1,2,3,2,1,3,11,1
407,1,11,2,2,2,2,2,1,3,1,4
408,1,11,3,1,3,3,1,1,3,11,4
409,1,11,1,1,1,1,1,1,3,1,4
410,1,11,3,3,2,3,3,1,3,11,3
411,1,6,1,1,1,2,3,1,3,3,1
412,1,6,4,1,2,2,4,1,3,11,1
413,1,6,3,1,2,2,2,1,3,3,1
414,1,21,3,3,1,3,3,1,4,11,.
415,1,21,1,1,1,1,1,1,4,11,1
416,1,21,2,1,1,3,1,1,4,11,1
417,1,21,1,4,1,4,4,1,4,3,3
418,1,6,1,3,1,1,1,1,4,11,3
419,1,21,3,3,3,3,1,1,4,5,3
420,1,21,3,1,4,2,4,1,4,11,1
421,1,31,1,3,1,3,1,1,4,11,1
422,1,21,1,1,1,2,1,1,4,11,1
423,1,31,1,1,1,1,1,1,5,11,1
424,1,31,1,1,1,3,3,1,5,11,1
425,1,31,1,3,1,2,1,1,5,11,1
426,1,6,3,3,2,1,1,2,5,11,1
427,1,31,3,1,2,4,4,2,5,11,1
428,1,21,1,1,2,2,2,1,5,1,3
429,1,21,2,1,2,4,1,1,5,11,.
430,1,31,1,1,1,2,1,1,5,1,1
431,1,31,1,1,1,1,1,1,5,11,1
432,1,31,3,1,3,3,3,1,5,1,5
433,1,31,3,3,2,1,1,1,5,1,1
434,1,21,1,3,1,1,1,1,5,2,1
435,1,21,3,3,3,3,2,1,4,1,4
436,1,21,3,1,1,2,2,1,4,1,1
437,1,21,1,1,1,3,3,1,4,1,4
438,1,11,3,1,1,4,1,1,4,1,5
439,1,11,3,1,1,2,2,1,4,3,1
440,1,21,3,3,2,4,1,1,4,3,1
441,1,21,2,4,2,3,1,1,4,1,1
442,1,21,2,1,1,3,1,1,4,5,5
443,1,31,3,1,1,3,4,1,4,1,1
444,1,21,1,1,1,4,1,1,4,5,4
445,1,6,3,4,1,4,3,1,4,1,1
446,1,31,1,1,1,4,1,1,4,1,3
447,1,21,3,4,1,3,1,1,4,5,3
448,1,21,3,3,1,4,2,1,4,11,5
449,1,21,1,1,1,4,3,1,4,1,4
450,1,1,4,1,1,3,1,1,4,1,5
451,1,21,3,2,3,3,2,1,4,1,3
452,1,11,1,3,1,3,2,1,3,5,1
453,1,21,1,2,1,2,2,1,3,1,3
454,1,11,3,1,1,3,3,1,3,1,4
455,1,11,3,1,1,4,1,1,3,3,.
456,1,21,3,1,1,3,1,1,3,5,4
457,1,21,3,4,4,2,2,1,3,1,1
458,1,11,2,1,1,3,1,1,3,1,1
459,1,11,3,2,1,3,3,1,3,1,.
460,1,11,2,3,2,1,1,1,3,11,1
461,1,21,2,2,2,3,2,1,3,5,3
462,1,6,1,1,2,3,3,1,3,1,3
463,1,11,1,1,1,2,1,1,3,1,4
464,1,31,3,2,2,3,3,1,3,1,4
465,1,21,3,1,1,2,2,1,3,5,4
466,1,21,3,1,4,4,4,1,3,5,.
467,1,21,1,1,1,1,1,1,3,1,4
468,1,21,3,3,1,1,1,1,3,1,4
469,1,11,3,1,1,3,3,1,3,1,1
470,1,6,1,1,1,1,1,1,3,1,4
471,1,11,1,4,2,3,3,1,3,5,4
472,1,11,4,1,1,4,1,1,3,5,.
473,1,11,1,2,1,3,2,1,3,1,1
474,1,11,3,3,1,3,3,1,2,1,4
475,1,11,3,4,1,3,2,1,2,1,3
476,1,6,2,3,2,3,3,1,2,2,4
477,1,11,1,1,1,4,1,1,2,5,3
478,1,6,1,1,1,2,2,1,2,5,3
479,1,6,3,2,1,3,3,1,2,5,3
480,1,11,1,3,2,2,2,1,2,5,3
481,1,6,2,1,2,2,2,1,2,5,4
482,1,6,2,2,1,3,1,1,2,5,3
483,1,6,3,3,1,1,4,1,2,1,3
484,1,6,1,4,1,3,3,1,2,1,4
485,1,11,3,1,1,3,2,1,2,5,3
486,1,6,2,2,2,2,2,1,2,3,3
487,1,6,3,3,2,3,2,2,2,5,.
488,1,1,3,2,2,2,1,1,2,2,3
489,1,11,3,1,1,2,2,1,2,5,3
490,1,11,3,1,1,4,4,1,2,1,4
491,1,11,2,1,1,3,3,1,2,1,5
492,1,11,3,3,4,4,1,1,2,1,5
493,1,11,3,3,3,4,1,1,2,1,4
494,1,11,1,3,1,1,4,1,2,1,1
495,1,6,3,1,1,3,1,1,2,5,.
496,1,6,1,2,2,3,2,1,2,1,5
497,1,6,3,1,1,3,2,1,2,1,5
498,1,1,3,3,1,3,3,1,2,5,3
499,1,11,3,1,1,2,1,1,2,1,3
500,1,6,1,1,1,2,2,1,2,5,4
501,1,6,2,1,1,3,1,1,2,5,3
502,1,11,1,1,1,1,1,1,2,1,4
503,1,21,2,2,2,3,2,1,2,5,4
504,1,11,4,2,2,3,3,1,2,1,3
505,1,11,1,3,2,3,4,1,2,3,4
506,1,6,3,1,1,3,3,1,2,5,1
507,1,11,3,3,1,3,2,1,2,11,1
508,1,6,1,1,1,3,3,1,2,1,3
509,1,6,3,3,1,3,1,1,2,2,.
510,1,6,3,1,2,1,2,1,2,1,.
511,1,6,3,1,3,3,2,1,2,5,1
512,1,1,3,1,1,2,2,1,1,11,4
513,1,6,2,1,3,3,2,1,1,9,4
514,1,1,1,4,3,2,2,1,1,3,4
515,1,1,3,1,2,4,2,1,1,11,4
516,1,1,4,1,1,3,4,1,1,2,1
517,1,6,1,3,2,2,2,1,1,2,3
518,1,6,3,4,1,3,2,1,1,2,1
519,1,6,2,1,1,2,2,1,1,2,3
520,1,6,3,3,3,1,1,1,1,5,.
521,1,6,1,1,1,3,1,1,1,2,4
522,1,6,3,1,1,3,1,1,1,5,.
523,1,1,3,1,1,4,1,1,1,5,.
524,1,1,1,1,2,4,1,1,1,9,.
525,1,1,3,1,1,2,3,1,1,9,.
526,1,6,1,3,1,2,1,1,1,1,4
527,1,6,1,1,1,4,4,1,1,11,3
528,1,6,3,3,2,2,1,1,1,1,5
529,1,1,3,3,2,1,1,1,1,2,.
530,1,1,1,1,1,3,2,1,1,9,4
531,1,6,1,1,1,1,1,1,1,9,3
532,1,6,1,1,1,3,4,1,1,1,5
533,1,6,3,1,1,3,2,1,1,2,5
534,1,6,2,3,1,1,1,1,1,5,1
535,1,6,1,1,2,3,3,1,1,5,4
536,1,1,1,1,1,1,1,1,1,5,1
537,1,6,2,1,1,2,3,1,1,3,1
538,1,6,3,1,1,3,2,1,1,2,5
539,1,1,1,1,2,4,2,1,1,9,4
540,1,6,2,1,1,1,1,1,1,2,1
541,1,6,3,1,1,3,1,1,1,9,5
542,1,6,3,3,3,1,1,1,1,2,1
543,1,11,3,1,4,3,3,1,1,11,4
544,1,6,1,1,2,3,1,1,1,2,1
545,1,1,1,1,1,4,1,1,1,2,1
546,1,1,1,3,4,3,3,1,1,1,4
547,1,6,1,1,1,2,2,1,1,5,.
548,1,31,3,1,1,1,4,1,5,11,1
549,1,31,3,4,2,1,2,1,5,3,1
550,1,31,1,1,1,3,1,1,5,1,3
551,1,31,2,2,2,4,4,1,5,11,.
552,1,21,1,1,3,3,1,1,5,1,4
553,1,21,3,1,1,4,1,1,5,1,4
554,1,31,3,1,1,1,1,1,5,1,5
555,1,21,3,1,2,1,4,1,5,1,1
556,1,31,1,1,1,4,1,1,5,11,1
557,1,11,3,2,2,3,3,1,4,1,.
558,1,31,3,3,2,2,1,1,4,1,4
559,1,31,2,1,2,1,1,1,4,1,4
560,1,21,4,4,1,4,4,1,4,1,.
561,1,21,3,3,1,3,2,1,4,2,3
562,1,11,2,2,1,3,2,1,4,1,3
563,1,21,3,3,2,3,1,1,4,1,3
564,1,31,2,1,1,2,4,1,4,1,3
565,1,21,3,2,1,3,3,1,4,1,3
566,1,21,1,3,1,3,3,1,4,1,3
567,1,31,1,1,1,1,4,1,4,1,3
568,1,21,3,1,1,3,1,1,4,1,4
569,1,11,3,3,3,3,1,1,4,5,4
570,1,21,1,2,4,2,1,1,4,5,4
571,1,31,3,3,2,3,2,1,4,1,3
572,1,21,3,2,2,3,2,1,4,1,5
573,1,11,1,1,1,3,1,1,4,1,3
574,1,21,1,1,1,2,1,1,4,1,5
575,1,21,2,1,1,3,1,1,3,1,5
576,1,11,1,1,2,3,3,1,3,1,4
577,1,11,3,3,1,4,1,1,3,11,4
578,1,21,3,1,1,4,2,1,3,1,5
579,1,21,3,2,2,3,4,1,3,1,3
580,1,21,2,2,2,3,2,1,3,1,3
581,1,21,3,3,1,4,1,1,3,1,4
582,1,6,1,1,1,2,2,1,3,5,4
583,1,11,3,2,2,3,3,1,3,5,4
584,1,11,3,3,2,3,2,1,3,1,5
585,1,11,2,1,2,3,4,1,3,1,3
586,1,21,1,4,1,1,2,1,3,1,.
587,1,21,3,3,2,3,2,1,3,5,.
588,1,11,1,1,2,3,2,1,3,5,3
589,1,11,1,1,1,4,2,1,3,1,4
590,1,21,3,2,1,3,1,1,3,1,.
591,1,21,1,1,1,3,3,1,3,1,5
592,1,11,1,1,1,1,1,1,3,1,3
593,1,21,1,1,1,3,3,1,3,1,5
594,1,6,3,2,1,3,4,1,3,2,5
595,1,11,1,1,1,2,2,1,3,1,4
596,1,21,1,1,1,3,1,1,3,1,3
597,1,11,3,1,1,2,3,1,3,1,4
598,1,11,1,1,1,1,1,1,3,3,1
599,1,11,3,2,1,2,2,1,3,1,.
600,1,21,2,1,1,3,1,1,3,1,4
601,1,1,3,1,1,2,2,2,3,1,3
602,1,11,1,1,1,3,3,1,3,5,.
603,1,21,3,1,2,2,2,1,3,1,5
604,1,11,3,3,2,3,3,1,3,5,.
605,1,11,3,1,1,3,1,1,3,2,3
606,1,21,1,1,1,2,1,1,3,3,1
607,1,6,2,3,1,3,2,1,3,1,5
608,1,11,3,3,2,1,3,1,3,5,4
609,1,21,3,4,2,3,3,1,3,1,4
610,1,21,1,1,1,2,1,1,3,1,3
611,1,11,1,1,1,4,2,1,3,1,3
612,1,11,3,1,1,3,3,1,3,5,3
613,1,11,2,1,1,4,4,1,3,1,4
614,1,11,3,1,1,3,1,1,3,1,.
615,1,11,3,1,1,3,2,1,3,5,4
616,1,21,3,1,1,4,4,1,3,1,4
617,1,11,3,1,1,1,1,1,3,3,4
618,1,6,1,1,1,1,1,1,1,5,3
619,1,1,1,1,3,3,2,1,1,5,1
620,1,1,2,2,2,3,3,1,1,9,4
621,1,6,2,2,1,3,1,1,1,5,3
622,1,1,2,2,1,2,2,1,1,5,3
623,1,6,1,1,2,2,1,1,1,5,3
624,1,1,3,1,2,2,2,1,1,5,4
625,1,1,2,2,1,2,2,1,1,9,3
626,1,1,1,1,1,1,1,1,1,5,1
627,1,6,1,1,1,3,2,1,1,9,4
628,1,1,3,1,2,2,2,1,1,9,4
629,1,6,3,1,1,2,1,2,1,5,5
630,1,1,1,1,1,3,2,1,1,11,3
631,1,1,1,1,1,2,2,1,1,11,5
632,1,1,2,2,2,2,1,1,1,9,3
633,1,6,4,1,1,2,1,1,1,2,1
634,1,11,3,1,1,3,1,2,1,11,3
635,1,6,3,1,3,3,3,1,1,1,.
636,1,1,2,3,1,3,4,1,1,9,5
637,1,1,2,2,2,4,1,1,1,9,3
638,1,1,2,1,2,2,1,1,1,5,1
639,1,1,2,1,2,4,2,1,1,9,4
640,1,1,2,3,2,3,3,1,1,9,4
641,1,11,3,1,1,3,1,1,1,2,.
642,1,6,3,1,1,3,3,1,1,5,1
643,1,1,3,1,1,4,1,1,1,9,.
644,1,6,3,1,1,4,2,1,1,5,3
645,1,6,3,1,4,4,2,1,1,1,3
646,1,1,3,1,1,4,1,1,1,1,.
647,1,1,1,1,1,4,1,1,1,9,5
648,1,1,1,1,2,4,2,1,1,2,4
649,1,6,3,1,1,2,1,1,1,5,4
650,1,6,3,1,1,3,2,1,1,5,5
651,1,6,1,1,1,2,1,1,1,5,1
652,1,1,4,1,1,1,1,1,1,5,.
653,1,1,1,1,1,4,3,2,1,9,4
654,1,1,1,1,1,2,2,1,1,5,1
655,1,1,3,1,1,3,3,1,1,5,3
656,1,6,1,1,1,3,2,1,1,5,5
657,1,6,1,1,1,2,2,1,1,5,3
658,1,1,1,1,1,4,1,1,1,9,1
659,1,6,3,2,1,4,4,1,1,9,.
660,1,6,1,1,1,3,2,1,1,9,1
661,1,6,3,4,1,3,4,1,1,5,5
662,1,6,3,2,1,2,4,1,1,5,5
663,1,6,3,1,1,2,1,1,1,5,5
664,1,6,1,1,1,3,1,1,1,1,5
665,1,6,3,1,3,3,2,1,1,9,4
666,1,6,3,1,1,2,3,1,1,5,1
667,1,6,3,1,1,4,2,1,1,1,3
668,1,6,1,1,1,4,1,1,1,1,5
669,1,6,1,1,1,3,1,1,1,9,1
670,1,1,3,1,2,3,1,1,1,9,3
671,1,1,1,1,1,2,1,1,1,5,4
672,1,6,3,1,1,3,3,2,1,5,4
673,1,11,1,1,1,4,2,1,2,5,5
674,1,6,3,1,1,4,2,1,2,1,3
675,1,6,3,3,2,3,3,1,2,1,3
676,1,6,3,3,2,3,2,1,2,5,1
677,1,11,1,1,1,3,1,1,2,1,4
678,1,11,3,1,1,4,4,1,2,3,.
679,1,21,3,1,1,3,2,1,2,1,4
680,1,11,3,1,1,3,2,1,2,1,5
681,1,6,2,1,1,3,3,1,2,1,5
682,1,11,2,1,1,2,2,1,2,5,4
683,1,6,3,3,3,3,3,1,2,5,3
684,1,11,2,4,1,1,1,1,2,5,.
685,1,11,3,1,1,3,2,1,2,1,4
686,1,11,1,1,4,4,1,1,2,1,4
687,1,11,3,4,1,3,4,1,2,1,4
688,1,6,1,1,1,2,2,1,2,1,3
689,1,1,1,1,1,3,2,1,2,5,1
690,1,11,3,2,2,1,2,1,2,1,5
691,1,6,2,3,2,4,2,1,2,5,1
692,1,6,1,1,1,4,4,1,2,1,5
693,1,6,3,3,2,4,4,1,2,1,3
694,1,6,3,2,1,2,2,1,2,5,3
695,1,6,2,3,2,2,2,1,2,1,3
696,1,11,2,1,2,2,2,1,2,2,3
697,1,11,1,3,1,3,1,1,2,1,.
698,1,6,1,3,1,3,1,1,2,1,4
699,1,11,1,1,1,3,3,1,2,1,4
700,1,6,3,1,1,3,3,1,2,1,.
701,1,6,1,4,1,4,4,1,2,11,4
702,1,11,3,3,1,2,1,1,2,1,1
703,1,6,2,2,2,4,2,1,2,1,4
704,1,11,2,1,1,2,4,1,2,1,5
705,1,6,1,1,2,4,4,1,2,5,4
706,1,6,3,2,1,2,3,1,2,5,1
707,1,6,3,1,1,3,2,1,2,1,1
708,1,11,1,2,1,1,3,1,2,1,.
709,1,21,3,2,2,3,1,1,2,1,5
710,1,6,1,3,1,3,3,1,2,1,5
711,1,1,3,2,1,2,1,1,2,5,4
712,1,6,2,1,1,2,2,1,2,5,1
713,1,11,3,1,1,2,2,1,2,1,3
714,1,11,1,3,1,3,3,1,2,5,3
715,1,11,2,1,1,3,2,1,2,1,4
716,1,21,3,2,1,3,2,1,2,1,4
717,1,11,2,2,2,2,2,1,2,1,4
718,1,11,2,3,1,3,3,1,2,1,4
719,1,11,2,1,1,3,3,1,2,1,5
720,1,11,1,3,1,3,4,1,2,5,3
721,1,21,3,1,2,3,3,1,2,1,4
722,1,6,3,2,2,3,3,1,2,5,3
723,1,6,2,4,1,4,2,1,2,1,1
724,1,6,3,3,1,3,3,1,2,1,4
725,1,6,1,3,2,3,3,1,2,1,5
726,1,11,3,1,2,3,1,1,2,2,3
727,1,6,3,3,1,3,3,1,2,1,3
728,1,31,2,4,1,2,1,1,5,11,1
729,1,21,1,1,2,2,2,1,4,11,1
730,1,21,4,3,4,2,4,1,3,3,1
731,1,21,3,1,2,3,3,1,3,5,.
732,1,1,1,1,1,2,1,1,3,5,3
733,1,11,1,3,3,3,2,1,2,2,1
734,1,6,1,1,1,4,4,1,2,2,.
735,1,6,1,1,1,3,3,1,2,11,1
736,1,1,3,2,1,2,1,1,2,5,3
737,1,6,2,1,1,3,3,1,2,2,5
738,1,1,3,1,2,4,1,1,1,2,.
739,1,6,2,1,1,3,1,1,1,11,3
740,1,6,1,1,2,3,2,1,1,2,1
741,1,6,3,1,1,3,3,1,1,5,3
742,1,1,1,1,1,2,1,1,1,11,4
743,1,1,1,1,1,4,4,1,1,5,1
744,1,6,3,1,1,4,3,1,1,9,.
745,1,1,3,1,1,3,2,1,1,9,.
746,1,1,1,2,1,3,2,1,1,5,4
747,1,1,3,1,2,2,4,1,1,9,3
748,1,6,1,1,2,2,2,1,1,5,3
749,1,1,1,3,3,3,1,1,1,9,4
750,1,1,3,1,1,4,4,1,1,2,4
751,1,6,3,1,1,2,1,1,1,2,3
752,1,6,1,1,1,2,2,1,1,11,.
753,1,1,2,1,1,4,2,1,1,5,.
754,1,1,3,1,1,3,1,1,1,5,.
755,1,6,1,2,3,1,1,1,1,5,4
756,1,1,3,1,2,3,3,1,1,9,5
757,1,1,3,3,2,3,3,1,1,11,4
758,1,6,3,1,1,1,1,1,1,5,1
759,1,6,1,1,1,1,1,1,1,5,5
760,1,1,3,3,1,1,1,1,1,3,1
761,1,6,3,1,1,4,4,1,1,11,.
762,1,1,3,1,1,3,2,1,1,9,5
763,1,11,2,4,2,3,1,1,1,2,5
764,1,6,1,2,1,2,2,1,1,5,1
765,1,6,3,1,2,2,4,1,1,5,5
766,1,1,2,1,1,4,1,1,1,9,.
767,1,1,2,1,2,2,1,1,1,9,4
768,1,11,3,1,2,2,3,1,1,5,1
769,1,1,3,4,1,3,1,1,1,1,1
770,1,6,1,1,1,2,2,1,1,1,3
771,1,1,3,1,1,1,1,1,1,9,.
772,1,6,3,3,1,3,3,1,1,3,4
773,1,6,3,1,1,3,3,1,1,5,.
774,1,1,1,1,1,4,3,1,1,9,1
775,1,11,3,1,1,3,4,1,2,5,.
776,1,11,3,3,1,4,3,1,2,5,3
777,1,11,3,2,1,4,4,1,2,11,4
778,1,6,1,1,1,3,3,1,2,2,1
779,1,11,3,1,1,1,1,1,2,1,4
780,1,11,1,1,1,3,3,1,2,1,5
781,1,11,2,3,1,3,3,1,2,5,3
782,1,11,2,3,3,3,3,1,2,1,3
783,1,11,1,1,3,3,3,1,2,1,5
784,1,11,3,1,3,3,3,1,2,5,4
785,1,11,1,1,1,1,4,1,2,5,5
786,1,11,1,1,1,3,3,1,2,1,3
787,1,1,4,4,4,3,4,1,2,5,3
788,1,6,3,3,1,4,3,1,2,1,4
789,1,6,3,4,1,3,2,1,2,5,1
790,1,21,3,1,1,3,2,1,2,2,3
791,1,11,3,4,2,3,3,1,2,2,4
792,1,11,3,2,2,4,2,1,2,5,4
793,1,11,1,4,2,3,3,1,2,5,5
794,1,11,3,1,1,2,2,1,2,1,3
795,1,11,3,3,2,3,3,1,2,1,3
796,1,11,1,3,1,4,4,1,2,1,4
797,1,6,1,1,3,3,3,1,2,11,3
798,1,6,3,3,3,3,3,1,2,1,4
799,1,11,1,1,1,1,1,1,2,1,4
800,1,11,3,1,1,2,3,1,2,5,1
801,1,11,1,2,1,3,3,1,2,1,3
802,1,1,1,2,1,1,1,1,2,3,4
803,1,11,2,1,1,2,2,1,2,3,3
804,1,6,1,1,1,3,3,1,2,3,4
805,1,11,3,2,2,3,2,1,3,5,4
806,1,11,1,1,1,3,2,1,3,1,3
807,1,6,3,2,3,3,3,2,3,1,1
808,1,11,3,1,1,3,3,1,3,3,3
809,1,6,3,2,1,1,4,1,3,1,5
810,1,11,1,2,1,4,1,1,3,5,3
811,1,11,1,4,1,2,2,1,3,5,3
812,1,11,1,2,2,3,3,1,3,5,4
813,1,11,2,1,1,3,3,1,3,5,3
814,1,11,2,3,2,3,3,1,3,1,5
815,1,11,1,1,1,3,3,1,3,1,4
816,1,11,1,3,1,3,3,1,3,3,1
817,1,21,4,1,4,1,3,1,3,1,3
818,1,21,3,1,1,3,3,1,3,3,1
819,1,11,3,1,1,3,3,1,3,5,3
820,1,11,1,3,1,4,4,1,3,3,1
821,1,11,1,1,1,4,1,1,3,1,5
822,1,11,2,1,2,2,1,1,3,5,3
823,1,11,2,2,1,3,3,1,3,5,5
824,1,11,2,3,3,3,4,1,3,5,4
825,1,11,4,1,1,3,3,1,3,3,1
826,1,21,1,1,1,2,1,1,3,5,4
827,1,11,1,1,1,4,3,1,3,5,4
828,1,11,2,1,2,4,4,1,3,5,3
829,1,11,3,1,4,4,4,1,3,1,5
830,1,11,3,1,1,4,4,1,3,1,4
831,1,11,1,2,2,2,2,1,3,11,.
832,1,6,3,3,2,3,2,1,3,1,4
833,1,11,1,3,1,4,1,1,3,11,1
834,1,31,1,2,2,2,1,1,4,11,4
835,1,11,1,1,2,2,1,1,4,1,.
836,1,31,3,3,2,1,1,1,4,5,3
837,1,21,1,3,3,3,3,1,4,2,1
838,1,31,1,3,2,2,1,1,4,3,.
839,1,21,2,4,1,1,1,1,4,5,4
840,1,21,1,1,1,3,4,1,4,5,4
841,1,21,1,1,2,1,1,1,4,11,1
842,1,31,3,3,1,3,3,1,4,2,1
843,1,21,1,1,2,1,1,1,4,11,1
844,1,31,3,1,2,2,1,1,5,11,1
845,1,31,3,3,1,3,1,1,5,1,.
846,1,11,3,1,1,3,3,1,4,3,.
847,1,21,1,1,3,3,3,1,4,2,.
848,1,31,1,1,1,4,4,1,4,11,1
849,1,21,3,3,1,2,1,1,3,3,1
850,1,11,3,2,2,3,2,1,2,5,3
851,1,21,3,2,1,3,1,1,2,1,5
852,1,11,3,3,1,3,3,1,2,5,5
853,1,11,2,3,1,3,1,1,2,1,3
854,1,6,3,1,1,1,1,1,2,1,5
855,1,6,1,4,2,3,3,1,2,3,4
856,1,11,3,3,2,3,3,1,2,5,3
857,1,11,1,1,3,3,3,1,2,5,3
858,1,11,3,1,1,1,1,1,2,2,5
859,1,11,3,3,1,3,3,1,2,5,5
860,1,1,1,3,4,4,2,1,2,5,.
861,1,1,2,1,1,4,1,1,1,11,4
862,1,11,1,1,1,4,4,1,1,5,5
863,1,6,1,1,1,3,1,1,1,11,5
864,1,1,1,2,3,4,1,1,1,2,5
865,1,31,3,1,1,3,3,1,4,11,1
866,1,21,3,1,2,3,3,1,4,11,1
867,1,31,3,1,4,3,1,1,4,1,3
868,1,31,1,1,1,3,3,1,4,1,5
869,1,11,2,1,1,2,2,2,4,11,1
870,1,11,1,1,1,4,2,1,3,11,1
871,1,11,3,1,1,3,1,1,3,1,4
872,1,21,1,2,1,2,2,1,3,1,3
873,1,21,2,1,1,3,3,1,3,5,1
874,1,11,1,2,1,1,1,1,3,1,4
875,1,11,3,3,2,3,3,1,3,1,5
876,1,11,3,1,1,3,4,1,3,1,5
877,1,6,3,1,1,4,1,1,2,5,3
878,1,11,1,4,1,3,3,1,2,5,3
879,1,6,1,1,1,4,1,1,2,1,.
880,1,21,3,3,1,4,1,1,2,1,4
881,1,11,4,3,4,4,2,1,2,1,1
882,1,11,3,1,1,1,1,1,2,1,1
883,1,6,4,3,1,3,1,1,2,2,1
884,1,11,1,1,1,1,1,1,2,3,3
885,1,11,1,1,1,1,1,1,2,5,3
886,1,11,3,1,1,3,3,1,2,1,1
887,1,1,3,4,1,1,1,1,2,5,5
888,1,1,3,1,1,3,3,1,2,1,3
889,1,6,3,4,1,1,1,1,2,1,4
890,1,11,1,3,1,3,3,1,2,1,4
891,1,11,1,1,1,1,4,1,2,5,3
892,1,11,3,1,1,3,1,1,2,2,3
893,1,11,3,1,2,3,1,1,2,1,1
894,1,6,1,1,1,1,1,1,2,2,1
895,1,1,3,1,1,1,1,1,2,2,3
896,1,11,3,2,1,2,4,1,2,1,1
897,1,6,3,1,1,3,2,1,1,9,4
898,1,1,3,1,1,3,3,1,1,9,4
899,1,1,3,3,2,3,4,1,1,3,1
900,1,6,3,1,2,3,1,1,1,11,3
901,1,1,1,1,4,4,1,1,1,9,1
902,1,6,1,1,1,3,1,1,1,9,4
903,1,6,3,1,1,1,1,1,1,5,1
904,1,6,3,1,1,3,3,1,1,2,1
905,1,6,1,1,1,3,3,1,1,5,1
906,1,6,2,1,1,3,3,1,1,2,4
907,1,6,1,1,1,3,2,1,1,1,3
908,1,1,1,1,2,2,1,1,1,2,1
909,1,6,1,1,1,3,2,1,1,11,4
910,1,6,3,1,1,3,1,1,1,1,1
911,1,11,3,4,1,3,4,1,1,1,5
912,1,11,3,1,1,1,1,1,1,5,1
913,1,6,1,1,1,1,1,1,1,5,1
914,1,6,1,3,1,3,1,1,1,9,3
915,1,11,3,2,1,4,1,1,1,5,1
916,1,1,3,2,1,3,3,1,1,5,5
917,1,1,1,4,1,2,4,1,1,2,5
918,1,6,1,1,1,3,1,1,1,1,3
919,1,1,3,1,1,1,1,1,1,2,4
920,1,6,1,1,1,2,1,1,1,2,3
921,1,6,2,1,1,3,2,1,1,2,5
922,1,21,3,3,1,3,4,1,4,5,1
923,1,31,4,4,2,4,2,1,4,3,1
924,1,21,3,3,1,4,3,1,4,3,1
925,1,6,3,1,1,2,2,1,2,5,4
926,1,6,1,1,1,2,2,1,2,5,4
927,1,11,3,3,1,3,1,1,2,5,4
928,1,6,1,2,1,2,1,1,2,5,1
929,1,21,1,4,1,3,1,1,2,5,3
930,1,6,3,1,1,2,2,1,2,5,4
931,1,1,3,1,2,2,2,1,2,5,3
932,1,6,3,1,1,3,2,1,2,11,.
933,1,6,3,1,2,3,2,1,2,5,4
934,1,11,1,1,1,2,2,1,2,5,1
935,1,11,3,1,1,3,1,1,2,3,1
936,1,11,3,3,1,3,3,1,2,1,3
937,1,6,2,3,2,3,2,1,2,3,1
938,1,6,1,1,1,3,1,1,2,1,4
939,1,1,3,2,1,4,1,1,1,11,1
940,1,11,2,1,1,4,4,1,2,11,1
941,1,11,4,1,1,1,1,1,2,2,1
942,1,6,3,3,1,2,3,1,2,5,5
943,1,6,1,1,3,3,3,1,2,1,5
944,1,11,1,1,1,2,1,1,2,5,3
945,1,11,1,1,1,2,4,1,2,1,3
946,1,6,1,1,1,3,2,1,1,11,4
947,1,1,3,1,1,2,4,1,1,5,1
948,1,1,1,1,2,4,1,1,1,11,.
949,1,6,3,1,1,3,3,1,1,11,.
950,1,1,4,2,2,3,3,1,1,9,4
951,1,1,3,1,1,1,1,1,1,9,5
952,1,1,2,1,2,3,2,1,1,11,1
953,1,1,3,1,4,3,1,1,1,5,5
954,1,6,2,1,3,4,4,1,1,3,1
955,1,6,3,1,1,3,4,1,1,5,3
956,1,11,3,3,2,3,1,1,2,3,1
957,1,11,3,3,2,3,2,1,2,3,1
958,1,11,3,1,2,3,1,1,3,1,3
959,1,11,3,1,2,4,2,1,2,3,1
960,1,6,3,2,2,3,1,1,1,11,4
961,1,1,2,1,2,3,3,1,1,5,.
962,1,6,3,3,1,2,3,1,1,5,1
963,1,1,1,1,2,2,1,1,1,5,4
964,1,6,3,1,3,3,1,1,1,1,1
965,1,6,1,1,1,1,1,1,1,9,3
966,1,6,3,1,1,2,1,1,1,1,3
967,1,1,1,1,1,1,1,1,1,9,1
968,1,6,1,1,1,2,4,1,1,9,1
969,1,6,1,2,1,1,1,1,1,1,4
970,1,1,1,1,1,4,4,1,1,1,3
971,1,21,3,1,1,1,3,1,5,11,1
972,1,31,1,2,1,1,1,1,5,11,1
973,1,31,1,1,1,2,1,1,5,5,3
974,1,31,2,2,2,2,2,1,5,11,1
975,1,21,1,1,1,3,3,1,5,11,3
976,1,31,2,1,3,4,1,1,5,11,1
977,1,31,3,1,2,4,1,1,5,3,1
978,1,31,3,1,1,3,1,1,5,11,5
979,1,21,3,1,1,2,1,1,3,1,3
980,1,6,1,1,3,3,2,1,1,1,3
981,1,11,1,2,2,3,1,1,3,5,5
982,1,21,1,3,1,3,3,1,3,3,1
983,1,31,3,4,4,2,2,1,5,3,1
984,1,11,3,3,2,3,3,1,3,1,4
985,1,31,3,1,1,2,2,1,5,11,1
986,1,31,3,1,1,1,1,1,5,11,1
987,1,31,1,4,1,3,2,1,5,11,1
988,1,31,3,3,1,1,1,1,5,11,1
989,1,1,3,3,1,4,1,1,5,11,.
990,1,31,3,1,1,3,3,1,5,1,1
991,1,11,2,1,2,1,1,1,3,1,5
992,1,21,3,3,4,3,2,1,3,5,.
993,1,6,3,1,2,2,2,1,3,5,1
994,1,11,3,3,1,3,3,1,3,5,3
995,1,11,3,1,4,4,4,1,3,3,.
996,1,21,3,3,2,3,2,1,4,1,1
997,1,31,2,1,2,3,3,1,4,3,5
998,1,21,3,1,3,3,2,1,4,11,1
999,1,21,2,2,1,3,2,1,4,1,3
1000,1,31,3,3,1,3,2,1,4,1,1
1001,1,11,3,2,1,3,3,1,4,3,1
1002,1,21,3,1,1,2,2,1,5,11,1
1003,1,31,1,2,2,1,1,1,5,11,1
1004,1,1,3,2,2,2,2,1,1,9,.
1005,1,1,3,2,2,2,2,1,1,5,1
1006,1,6,2,1,1,3,3,1,1,5,4
1007,1,6,1,1,1,3,3,1,1,3,3
1008,1,11,2,1,1,3,3,1,1,1,3
1009,1,6,1,1,1,1,1,1,1,3,1
1010,1,1,1,1,1,2,2,1,1,2,1
1011,1,1,2,1,1,1,2,1,1,11,1
1012,1,1,3,2,1,3,1,1,2,3,1
1013,1,6,1,1,1,3,1,1,2,11,1
1014,1,6,3,2,2,3,2,1,2,5,3
1015,1,6,3,1,1,3,3,1,2,1,3
1016,1,1,3,2,2,1,1,1,2,3,1
1017,1,11,2,2,2,3,4,1,2,1,.
1018,1,6,2,2,1,3,1,1,2,5,4
1019,1,11,3,1,1,1,1,1,2,3,1
1020,1,11,2,2,1,3,3,1,2,5,3
1021,1,11,3,1,3,4,1,1,2,5,1
1022,1,6,3,1,2,3,1,1,2,3,1
1023,1,6,3,1,4,3,3,1,2,1,1
1024,1,11,3,1,2,3,2,1,2,1,1
1025,1,11,1,1,2,3,3,1,2,1,3
1026,1,6,2,2,1,3,2,1,2,5,1
1027,1,6,3,3,1,3,3,1,2,3,3
1028,1,6,3,2,1,2,2,1,2,5,1
1029,1,31,1,1,1,1,1,1,5,3,3
1030,1,1,3,1,1,3,2,1,1,9,.
1031,1,6,3,1,3,3,3,1,2,1,4
1032,1,6,3,3,1,2,1,1,2,5,3
1033,1,11,3,1,1,2,2,1,1,2,1
1034,1,1,3,1,1,3,3,1,1,5,4
1035,1,1,2,1,3,3,2,1,1,3,4
1036,1,1,3,3,1,3,3,1,1,2,5
1037,1,11,1,1,2,3,1,1,3,1,4
1038,1,6,3,2,3,3,3,1,2,1,5
1039,1,21,1,2,2,2,1,1,4,5,3
1040,1,31,1,1,1,2,1,1,5,11,1
1041,1,31,1,1,1,4,3,1,4,1,3
1042,1,11,3,1,1,4,2,1,4,5,3
1043,1,21,1,1,1,1,1,1,4,5,3
1044,1,21,3,3,1,2,1,1,4,5,4
1045,1,11,3,1,2,3,4,1,4,11,1
1046,1,21,3,1,3,3,3,1,4,1,3
1047,1,21,2,3,2,3,2,1,4,1,1
1048,1,31,2,1,2,2,1,1,4,5,3
1049,1,11,3,3,2,2,2,1,4,11,1
1050,1,1,3,1,1,3,1,1,4,5,.
1051,1,21,3,3,2,2,3,1,4,1,1
1052,1,31,3,1,1,3,1,1,4,1,1
1053,1,11,3,1,4,3,1,1,3,5,1
1054,1,21,2,1,1,4,4,1,3,3,3
1055,1,11,3,2,2,2,2,1,3,1,1
1056,1,11,3,1,1,3,4,1,3,5,3
1057,1,11,3,3,1,3,1,1,3,5,4
1058,1,21,3,4,1,4,4,1,3,5,4
1059,1,1,4,1,1,1,1,1,3,1,1
1060,1,11,3,1,1,3,1,1,3,3,1
1061,1,21,3,3,2,1,2,1,3,1,5
1062,1,11,3,1,2,4,2,1,3,5,4
1063,1,11,2,1,1,4,2,1,3,11,3
1064,1,11,3,1,2,4,4,1,3,11,1
1065,1,21,3,3,2,3,2,1,3,5,1
1066,1,11,3,1,2,3,3,1,3,5,.
1067,1,21,3,3,2,2,4,1,3,5,5
1068,1,11,3,3,2,3,2,1,3,1,.
1069,1,21,3,3,1,3,2,1,3,3,3
1070,1,11,2,3,1,4,2,1,3,3,5
1071,1,11,3,2,3,3,3,1,3,3,1
1072,1,11,4,1,1,2,4,2,3,11,1
1073,1,11,3,1,1,3,4,1,3,3,3
1074,1,11,2,1,1,2,1,1,3,2,3
1075,1,11,3,3,2,3,3,1,3,2,1
1076,1,11,1,2,2,1,1,1,5,11,1
1077,1,6,2,1,1,4,1,1,1,11,4
1078,1,1,3,3,3,1,1,1,1,5,3
1079,1,6,2,3,1,1,1,1,1,5,5
1080,1,6,1,1,1,2,1,1,1,5,.
1081,1,1,1,1,1,2,1,1,1,5,4
1082,1,1,1,1,1,1,1,1,1,5,3
1083,1,6,3,1,1,3,2,1,1,5,5
1084,1,1,1,1,3,3,1,1,1,5,5
1085,1,6,1,1,1,2,1,1,1,5,4
1086,1,1,1,1,1,4,1,1,1,11,1
1087,1,1,3,1,1,2,1,1,1,5,4
1088,1,1,3,1,1,1,1,1,1,5,1
1089,1,1,3,1,1,4,1,1,1,5,5
1090,1,1,1,2,3,2,2,1,1,5,3
1091,1,1,1,1,1,1,1,1,1,5,4
1092,1,6,3,1,1,2,2,1,1,5,5
1093,1,1,2,1,1,1,1,1,1,5,4
1094,1,6,2,1,1,1,1,1,1,5,3
1095,1,6,3,2,2,3,3,1,4,11,1
1096,1,21,3,2,2,1,1,1,3,1,1
1097,1,11,1,1,1,1,2,1,3,1,1
1098,1,31,1,1,1,4,1,1,5,11,3
1099,1,11,4,2,2,2,2,1,5,11,1
1100,1,1,2,4,4,4,4,1,1,5,.
1101,1,11,1,1,3,3,3,1,2,1,4
1102,1,11,1,1,1,1,1,1,2,5,1
1103,1,11,4,1,3,3,1,1,2,5,4
1104,1,6,3,1,1,4,4,1,2,2,1
1105,1,6,1,1,1,3,1,1,2,5,5
1106,1,6,1,3,1,2,2,1,1,1,.
1107,1,6,2,2,2,3,2,1,2,5,3
1108,1,11,3,1,4,4,1,1,2,1,3
1109,1,11,3,3,1,1,1,1,2,1,4
1110,1,6,1,1,1,4,1,1,2,5,1
1111,1,6,3,3,1,3,1,1,2,5,4
1112,1,11,2,1,2,1,4,1,2,3,3
1113,1,11,1,2,1,4,4,1,2,5,.
1114,1,6,1,1,1,4,4,1,2,5,1
1115,1,11,2,3,1,3,4,1,2,2,3
1116,1,11,3,1,2,3,2,1,2,5,3
1117,1,6,3,1,2,3,2,1,2,5,4
1118,1,11,2,3,2,2,2,1,2,3,3
1119,1,6,3,1,1,3,3,1,2,1,3
1120,1,11,3,1,2,1,1,1,2,5,1
1121,1,11,1,1,1,2,1,1,2,5,1
1122,1,11,3,1,2,3,2,1,2,11,1
1123,1,6,3,1,1,2,2,1,1,5,3
1124,1,6,1,1,1,3,3,1,1,1,3
1125,1,6,1,1,1,4,1,1,1,2,4
1126,1,1,4,1,1,1,1,1,1,2,4
1127,1,6,3,4,1,2,1,1,1,2,1
1128,1,1,3,1,1,4,4,1,1,5,4
1129,1,6,3,3,2,2,2,1,1,5,3
1130,1,6,1,4,1,1,1,1,1,5,1
1131,1,6,3,1,2,3,3,1,1,2,3
1132,1,6,3,1,1,3,1,1,1,3,1
1133,1,1,1,3,1,1,1,1,1,5,1
1134,1,6,3,1,3,4,4,1,1,9,1
1135,1,6,3,3,1,3,3,1,1,5,1
1136,1,6,3,1,1,3,3,1,1,5,1
1137,1,1,1,1,1,3,1,1,1,5,3
1138,1,6,3,1,1,3,1,1,2,5,3
1139,1,11,3,3,1,3,3,1,2,1,3
1140,1,11,3,3,1,3,1,1,2,3,4
1141,1,6,3,2,4,1,4,1,2,3,1
1142,1,11,4,4,1,4,1,1,2,2,1
1143,1,6,1,1,1,4,2,1,2,5,3
1144,1,11,1,1,1,3,1,1,2,1,5
1145,1,6,1,1,2,3,1,1,2,1,1
1146,1,6,3,1,2,3,2,1,2,1,4
1147,1,11,3,1,1,4,4,1,2,2,3
1148,1,11,3,3,2,4,1,1,2,3,1
1149,1,11,1,1,1,4,3,1,2,5,.
1150,1,6,2,1,1,2,2,1,2,5,1
1151,1,11,3,1,1,3,4,1,2,5,3
1152,1,11,1,1,1,2,1,1,2,5,4
1153,1,6,3,4,1,3,2,1,2,5,3
1154,1,6,2,1,1,1,2,1,2,5,3
1155,1,6,3,2,1,3,2,1,2,5,1
1156,1,11,3,2,1,3,3,1,2,5,4
1157,1,11,2,1,1,2,2,1,2,5,5
1158,1,11,1,3,1,3,1,1,2,5,3
1159,1,6,3,2,1,3,1,1,2,11,.
1160,1,1,3,3,1,3,3,1,2,5,1
1161,1,1,3,1,3,3,1,1,1,5,5
1162,1,11,3,1,1,4,4,1,2,5,3
1163,1,6,3,2,2,4,1,1,1,11,4
1164,1,1,3,3,1,1,1,1,1,11,5
1165,1,6,3,4,2,3,1,1,1,11,5
1166,1,1,1,4,1,3,1,1,1,11,.
1167,1,1,3,3,1,2,2,1,1,11,5
1168,1,1,2,3,2,1,1,1,1,5,3
1169,1,1,1,2,1,4,1,1,1,5,4
1170,1,6,3,1,1,1,1,1,1,5,4
1171,1,6,1,1,2,2,2,1,1,5,4
1172,1,6,3,1,3,3,1,1,1,5,5
1173,1,6,1,1,1,2,1,1,1,5,3
1174,1,11,1,2,1,1,1,1,3,5,4
1175,1,11,3,1,1,2,2,1,3,5,3
1176,1,11,2,1,1,2,2,1,3,5,3
1177,1,11,3,1,2,4,1,1,3,5,3
1178,1,21,3,4,1,4,1,1,3,3,4
1179,1,11,3,1,1,1,1,1,3,1,.
1180,1,11,3,1,1,4,1,1,3,1,1
1181,1,6,3,1,1,3,2,1,3,3,1
1182,1,11,1,1,1,3,3,1,3,5,5
1183,1,11,3,3,1,3,1,1,3,1,5
1184,1,11,1,1,1,3,3,1,3,1,5
1185,1,21,2,1,1,4,4,1,3,11,5
1186,1,21,2,1,1,4,2,1,3,5,3
1187,1,11,1,2,2,2,3,1,3,5,3
1188,1,11,3,3,1,3,1,1,3,5,4
1189,1,21,3,1,2,3,4,1,3,1,4
1190,1,11,3,2,2,2,2,1,3,3,1
1191,1,11,3,3,2,3,3,1,3,5,3
1192,1,11,2,3,1,2,2,1,3,5,4
1193,1,1,3,1,2,4,1,1,3,1,5
1194,1,11,3,3,1,1,4,1,3,5,4
1195,1,21,3,2,1,2,1,1,3,5,3
1196,1,11,3,1,1,4,3,1,3,3,1
1197,1,6,3,2,1,3,3,1,3,5,4
1198,1,21,2,1,1,2,2,1,3,5,3
1199,1,6,3,2,1,2,2,1,3,5,1
1200,1,11,2,3,1,3,3,1,3,5,3
1201,1,11,3,2,2,4,4,1,3,1,.
1202,1,11,2,1,1,2,2,1,3,5,3
1203,1,21,3,1,1,2,1,1,3,1,3
1204,1,21,3,2,2,3,1,1,3,5,1
1205,1,21,2,1,3,1,1,1,3,11,.
1206,1,21,3,1,3,4,3,1,3,3,1
1207,1,21,2,1,1,4,4,1,3,1,3
1208,1,6,3,3,1,4,1,1,3,5,3
1209,1,11,3,3,2,3,3,1,3,3,1
1210,1,11,1,1,1,4,1,1,2,1,4
1211,1,6,1,1,1,1,1,1,2,1,5
1212,1,6,3,3,4,3,1,1,2,11,1
1213,1,11,3,3,3,3,3,1,3,3,1
1214,1,21,3,1,1,1,1,1,3,5,5
1215,1,11,3,1,1,4,4,1,2,1,4
1216,1,6,3,4,2,4,1,1,1,2,1
1217,1,6,3,1,3,1,4,1,1,11,1
1218,1,11,3,1,1,3,4,1,3,5,.
1219,1,11,3,1,1,4,4,1,2,5,1
1220,1,21,3,1,3,2,1,1,2,5,3
1221,1,11,1,3,3,2,1,1,2,5,1
1222,1,11,3,3,1,3,2,1,2,5,.
1223,1,6,3,1,1,3,1,1,2,5,1
1224,1,11,2,3,2,3,2,1,2,5,3
1225,1,1,2,1,1,1,1,1,2,5,1
1226,1,11,3,3,1,3,2,1,2,5,3
1227,1,6,1,4,1,2,2,1,2,3,1
1228,1,6,3,1,1,4,3,1,2,5,3
1229,1,11,3,1,2,3,3,1,2,5,5
1230,1,11,3,1,1,3,1,1,2,5,1
1231,1,11,3,1,2,4,4,1,2,11,4
1232,1,11,3,1,1,3,4,1,2,5,1
1233,1,11,2,1,1,3,1,1,2,5,3
1234,1,11,3,1,2,2,2,1,2,3,3
1235,1,11,3,1,1,2,4,1,2,5,1
1236,1,6,2,3,1,3,3,1,2,5,.
1237,1,6,3,1,1,2,2,1,3,3,3
1238,1,11,2,3,1,2,3,1,3,11,1
1239,1,6,3,2,1,3,2,1,3,1,4
1240,1,21,2,2,1,1,1,1,4,11,1
1241,1,1,3,1,2,3,2,1,1,3,3
1242,1,1,3,3,2,3,3,1,1,11,5
1243,1,6,3,1,1,3,3,1,1,2,4
1244,1,11,3,3,2,2,3,1,3,5,3
1245,1,11,3,1,3,1,2,1,3,5,1
1246,1,1,1,1,1,1,1,1,1,9,4
1247,1,1,4,1,1,3,3,1,1,9,3
1248,1,6,1,1,1,3,1,1,1,5,3
1249,1,31,1,1,1,1,1,1,3,5,3
1250,1,1,1,4,1,3,3,1,1,9,4
1251,1,11,3,4,1,1,1,1,1,5,1
1252,1,1,1,1,1,1,1,1,1,9,4
1253,1,6,1,1,1,2,1,1,2,5,3
1254,1,21,3,3,1,3,1,1,4,1,1
1255,1,11,3,3,1,3,3,1,2,5,1
1256,1,6,1,1,1,4,1,1,1,2,1
1257,1,11,1,1,4,4,1,1,2,5,4
1258,1,1,1,1,3,1,4,1,1,5,3
1259,1,1,1,3,1,1,1,1,1,2,3
1260,1,6,3,1,1,2,1,1,1,5,1
1261,1,6,1,1,1,4,3,1,2,5,3
1262,1,11,3,3,4,3,2,1,2,5,4
1263,1,11,3,2,2,1,1,1,2,2,3
1264,1,6,1,1,1,1,1,1,1,2,4
1265,1,6,3,1,1,2,1,1,1,1,4
1266,1,6,1,2,2,3,1,1,1,1,5
1267,1,11,1,1,1,1,1,1,2,5,3
1268,1,6,3,4,1,4,1,1,1,5,3
1269,1,6,2,1,2,2,2,1,1,5,1
1270,1,6,3,1,1,2,2,1,1,9,4
1271,1,1,3,1,1,3,1,1,1,9,3
1272,1,11,2,1,1,2,2,1,2,5,4
1273,1,6,2,1,2,4,2,1,2,5,1
1274,1,6,3,2,3,3,2,1,2,5,3
1275,1,11,3,2,3,3,3,1,2,1,3
1276,1,11,1,3,2,2,2,1,2,1,5
1277,1,11,3,1,1,3,3,1,2,3,1
1278,1,21,3,3,2,3,1,1,3,5,3
1279,1,31,2,1,2,4,1,1,4,11,.
1280,1,11,1,4,1,3,2,1,3,5,1
1281,1,6,3,1,1,4,4,1,1,5,3
1282,1,6,3,3,1,3,3,1,1,5,3
1283,1,6,2,1,1,3,1,1,1,5,1
1284,1,11,3,1,2,2,4,1,3,5,3
1285,1,6,3,1,2,3,3,1,3,.,.
1286,1,21,1,1,1,1,1,1,3,11,1
1287,1,11,3,3,2,3,3,1,3,1,1
1288,1,11,1,1,4,3,3,1,2,1,4
1289,1,6,3,3,1,3,2,1,2,1,1
1290,1,11,3,1,1,2,2,1,2,5,3
1291,1,11,3,3,2,3,3,1,2,1,3
1292,1,6,3,3,3,4,1,1,2,5,1
1293,1,31,1,1,1,4,1,1,5,1,3
1294,1,6,4,1,1,2,2,1,2,5,3
1295,1,6,4,1,1,2,2,1,2,1,.
1296,1,6,4,2,3,3,2,1,2,1,4
1297,1,6,3,2,3,2,2,1,2,1,4
1298,1,6,1,1,1,3,3,1,2,1,3
1299,1,11,1,2,3,4,1,1,2,1,3
1300,1,6,3,1,4,3,3,1,2,5,3
1301,1,11,1,4,1,4,4,1,4,1,.
1302,1,1,1,3,1,4,4,1,4,5,.
1303,1,21,1,1,1,1,1,1,4,5,1
1304,1,31,1,2,2,3,3,1,4,1,4
1305,1,11,1,1,1,1,1,1,4,5,4
1306,1,21,1,1,1,2,2,1,4,5,3
1307,1,31,3,1,1,3,1,1,4,1,3
1308,1,11,3,4,3,2,1,1,2,5,4
1309,1,1,2,1,2,1,2,1,4,3,1
1310,1,11,3,1,1,1,1,1,3,5,4
1311,1,21,3,3,4,3,3,1,3,1,1
1312,1,11,1,2,1,4,4,1,3,1,4
1313,1,21,3,1,1,2,2,1,3,1,3
1314,1,11,3,1,3,3,3,1,3,1,4
1315,1,6,2,1,1,3,1,1,3,1,.
1316,1,11,3,1,1,4,1,1,2,5,1
1317,1,11,2,1,1,2,1,1,3,5,1
1318,1,6,3,1,1,4,4,1,2,3,.
1319,1,1,1,1,1,1,1,1,1,5,4
1320,1,21,1,1,1,1,1,1,3,1,3
1321,1,11,3,2,1,4,4,1,2,11,.
1322,1,11,2,4,2,4,4,1,2,5,.
1323,1,6,2,3,1,3,1,1,2,1,3
1324,1,6,3,3,1,3,3,1,2,5,3
1325,1,11,2,1,1,1,1,1,2,5,3
1326,1,11,1,3,1,3,3,1,2,1,4
1327,1,21,3,1,1,4,4,1,3,5,3
1328,1,6,3,4,3,3,1,1,2,2,1
1329,1,11,1,1,1,3,3,1,3,11,1
1330,1,21,3,1,1,2,2,1,5,11,1
1331,1,31,1,3,2,2,4,1,5,11,.
1332,1,6,1,1,1,2,2,1,2,3,3
1333,1,6,3,1,1,2,1,1,2,5,3
1334,1,6,3,4,1,3,1,1,2,5,3
1335,1,11,3,2,1,3,2,1,2,5,3
1336,1,6,3,4,1,1,1,1,2,5,3
1337,1,6,1,2,1,2,2,1,1,5,4
1338,1,6,3,1,1,4,1,1,1,11,5
1339,1,6,1,1,1,3,2,1,1,1,5
1340,1,11,3,1,1,1,1,1,1,1,3
1341,1,11,4,1,1,1,1,1,3,5,3
1342,1,6,4,1,1,2,4,1,2,1,1
1343,1,11,1,1,2,4,1,1,2,1,3
1344,1,11,3,1,1,1,1,1,2,5,3
1345,1,6,3,2,1,3,4,1,2,5,3
1346,1,11,3,1,1,3,1,1,2,1,5
1347,1,21,3,1,1,1,1,1,4,3,1
1348,1,21,2,2,1,1,1,1,4,11,.
1349,1,6,1,1,1,2,1,1,4,11,4
1350,1,21,1,1,1,1,1,1,4,1,5
1351,1,21,1,1,2,2,1,1,4,3,1
1352,1,21,1,2,1,4,4,1,3,1,.
1353,1,21,3,1,1,3,3,1,4,11,5
1354,1,31,3,1,1,4,4,1,4,11,1
1355,1,31,3,1,2,1,1,1,4,3,1
1356,1,11,3,1,1,1,1,1,3,5,3
1357,1,21,1,1,1,2,2,1,4,11,3
1358,1,21,1,1,1,3,1,1,4,1,3
1359,1,21,1,3,1,3,1,1,4,1,3
1360,1,11,3,1,1,1,1,1,4,1,3
1361,1,21,3,1,1,1,1,1,5,11,1
1362,1,6,3,3,3,3,2,1,2,5,1
1363,1,6,3,4,4,4,3,1,2,5,3
1364,1,6,3,3,1,3,1,1,2,5,1
1365,1,1,1,1,1,1,1,1,1,9,.
1366,1,1,3,3,1,3,2,1,1,11,1
1367,1,6,3,1,1,3,1,1,1,5,3
1368,1,6,3,4,3,3,4,1,1,5,1
1369,1,1,1,1,1,3,3,1,1,5,3
1370,1,6,1,1,1,4,1,1,1,1,4
1371,1,1,3,1,3,3,3,1,1,5,4
1372,1,6,3,1,1,4,1,1,1,5,.
1373,1,1,3,4,2,2,2,1,1,9,3
1374,1,6,3,1,4,4,3,1,2,5,1
1375,1,31,4,4,1,4,4,1,4,3,.
1376,1,6,3,3,2,4,1,1,3,1,1
1377,1,11,3,3,2,3,3,1,2,5,1
1378,1,6,3,1,2,4,3,1,2,11,1
1379,1,31,1,4,4,4,2,2,5,11,1
1380,1,21,3,1,2,2,3,1,4,5,1
1381,1,11,2,1,1,1,1,1,3,1,1
1382,1,11,3,4,3,3,3,1,3,1,4
1383,1,11,3,1,1,4,1,1,2,5,1
1384,1,11,1,1,1,2,2,1,2,5,5
1385,1,11,3,2,2,2,3,1,3,1,1
1386,1,6,2,2,2,2,3,2,1,2,4
1387,1,1,1,1,1,4,4,1,1,11,3
1388,1,1,1,1,1,1,1,1,1,5,1
1389,1,6,3,1,1,2,2,1,1,11,5
1390,1,1,1,1,1,1,1,1,1,5,3
1391,1,1,2,4,2,4,1,1,1,11,1
1392,1,6,2,2,2,2,1,1,1,5,1
1393,1,1,3,3,1,3,2,1,1,9,4
1394,1,1,2,1,2,3,3,1,1,11,3
1395,1,1,1,2,1,4,1,1,1,5,4
1396,1,1,1,1,1,3,2,1,1,5,5
1397,1,1,1,1,1,3,1,1,1,5,3
1398,1,1,1,4,1,3,1,1,1,5,1
1399,1,1,4,3,1,1,1,1,1,5,3
1400,1,6,3,2,1,1,1,1,1,2,3
1401,1,1,1,3,1,3,1,1,1,5,.
1402,1,1,1,1,1,1,1,1,1,5,.
1403,1,1,3,1,1,4,1,1,1,5,.
1404,1,1,2,1,1,4,1,1,1,3,3
1405,1,1,1,1,1,1,1,1,1,9,3
1406,1,1,1,1,3,4,1,1,1,2,3
1407,1,1,3,1,3,2,1,1,1,5,1
1408,1,1,3,2,2,1,1,1,1,2,1
1409,1,6,3,1,1,3,1,1,1,5,3
1410,1,1,1,1,1,1,1,1,1,5,3
1411,1,6,3,1,1,3,3,1,1,9,5
1412,1,1,3,1,4,3,3,1,1,5,.
1413,1,1,3,1,2,4,4,1,1,5,3
1414,1,11,3,2,1,2,2,1,3,5,1
1415,1,11,3,2,2,4,4,1,3,1,4
1416,1,11,2,2,2,4,2,1,3,1,3
1417,1,11,4,4,1,4,4,1,2,1,3
1418,1,11,1,1,4,1,1,1,2,1,4
1419,1,11,3,1,1,3,1,1,3,11,.
1420,1,11,3,1,1,3,1,1,3,1,4
1421,1,11,3,1,1,1,1,1,3,11,5
1422,1,11,3,1,1,1,1,1,3,2,4
1423,1,11,3,2,1,3,3,1,3,3,1
1424,1,6,3,3,1,3,2,1,3,1,1
1425,1,21,1,3,1,3,1,1,3,1,4
1426,1,21,3,1,1,4,1,1,3,5,3
1427,1,11,2,1,2,3,2,1,3,5,3
1428,1,11,2,1,1,3,2,1,3,5,1
1429,1,21,3,1,4,3,1,1,3,3,3
1430,1,11,3,2,1,3,2,1,3,5,1
1431,1,6,2,3,1,1,1,1,1,5,3
1432,1,1,3,1,3,2,2,1,1,5,3
1433,1,1,3,4,1,3,1,1,1,5,4
1434,1,1,2,4,3,2,1,1,1,5,3
1435,1,1,1,1,1,2,1,1,3,5,3
1436,1,11,3,1,1,2,3,1,3,5,3
1437,1,21,1,2,1,2,2,1,3,5,3
1438,1,21,1,1,1,1,1,1,3,5,4
1439,1,11,2,3,1,3,3,1,3,5,1
1440,1,11,1,1,2,3,1,1,3,5,1
1441,1,11,2,1,1,1,1,1,3,5,3
1442,1,11,3,1,1,4,2,1,3,3,1
1443,1,11,2,1,2,2,1,1,3,5,3
1444,1,11,2,3,1,4,4,1,3,5,3
1445,1,6,3,1,1,1,1,1,3,5,3
1446,1,11,3,2,2,3,2,1,3,5,4
1447,1,6,3,1,2,3,1,1,3,5,4
1448,1,11,4,1,1,1,1,1,3,5,3
1449,1,21,2,3,1,4,1,1,3,5,1
1450,1,21,3,1,4,3,3,1,4,3,1
1451,1,6,2,1,1,3,1,1,1,1,3
1452,1,1,2,3,1,2,1,1,1,5,4
1453,1,1,1,1,1,4,1,1,1,5,1
1454,1,21,3,4,2,3,3,1,4,1,5
1455,1,6,2,1,1,4,4,1,1,5,3
1456,1,11,1,1,1,1,1,1,2,1,.
1457,1,1,1,1,1,4,1,1,2,11,1
1458,1,11,3,3,1,3,1,1,2,5,3
1459,1,6,3,3,1,3,1,1,2,5,3
1460,1,11,2,1,2,1,1,1,2,5,1
1461,1,6,3,3,1,2,1,1,2,11,1
1462,1,11,1,3,2,4,1,1,2,11,1
1463,1,11,3,1,3,4,1,1,2,1,3
1464,1,1,3,2,2,2,2,1,2,5,3
1465,1,6,4,1,1,2,2,1,2,3,3
1466,1,1,3,3,2,4,1,1,1,5,4
1467,1,21,3,4,2,3,2,1,4,5,1
1468,1,11,1,1,1,3,2,1,4,5,3
1469,1,11,3,4,2,2,2,1,4,5,3
1470,1,31,3,1,2,1,2,1,4,5,3
1471,1,11,3,4,2,4,1,1,4,5,.
1472,1,21,3,1,1,4,4,1,4,3,1
1473,1,21,1,1,1,4,4,1,4,5,3
1474,1,31,3,2,2,3,2,1,4,1,4
1475,1,6,2,1,2,2,2,1,3,5,4
1476,1,6,3,3,2,2,2,1,1,2,1
1477,1,21,3,1,1,3,2,1,4,3,1
1478,1,21,3,3,2,3,2,1,4,1,.
1479,1,21,3,3,1,3,2,1,3,5,3
1480,1,11,2,1,1,2,1,1,3,5,5
1481,1,6,3,4,1,3,1,1,3,5,1
1482,1,11,4,1,1,4,4,1,3,5,3
1483,1,21,3,3,1,3,4,1,3,5,1
1484,1,6,3,1,2,3,2,1,3,5,.
1485,1,6,1,1,1,1,1,1,3,5,1
1486,1,11,1,1,1,3,3,1,3,5,5
1487,1,11,1,1,1,2,1,1,3,5,4
1488,1,21,1,3,1,4,4,1,3,3,1
1489,1,11,3,1,2,3,2,1,3,3,1
1490,1,11,3,3,1,3,3,1,3,5,3
1491,1,21,1,2,1,3,2,1,3,3,1
1492,1,21,3,2,1,4,1,1,3,5,1
1493,1,11,1,1,2,3,1,1,3,5,4
1494,1,11,1,1,1,1,1,1,3,5,3
1495,1,21,2,1,1,2,2,1,3,5,1
1496,1,6,3,2,2,2,2,1,2,5,4
1497,1,6,1,1,1,3,3,1,2,3,1
1498,1,11,1,2,2,3,3,1,2,1,4
1499,1,6,3,2,4,4,3,1,2,2,3
1500,1,11,3,1,1,1,1,1,2,5,3
1501,1,11,3,1,1,2,2,1,2,5,1
1502,1,6,3,2,2,2,2,1,2,1,3
1503,1,11,3,2,1,2,2,1,2,5,3
1504,1,6,3,1,1,4,3,1,2,3,4
1505,1,11,1,1,1,3,1,1,2,3,4
1506,1,6,1,1,1,4,4,1,2,1,.
1507,1,11,1,1,1,3,3,1,2,5,3
1508,1,6,3,1,1,3,1,1,2,5,1
1509,1,11,4,4,4,2,2,1,3,1,3
1510,1,21,1,2,1,1,2,1,3,3,1
1511,1,21,2,3,1,1,1,1,3,1,1
1512,1,11,1,3,3,4,1,1,3,1,3
1513,1,11,3,1,1,2,2,1,4,5,4
1514,1,11,1,1,1,3,1,1,4,5,1
1515,1,21,3,1,1,3,2,1,4,5,5
1516,1,21,3,1,1,3,1,1,4,5,.
1517,1,21,3,1,1,3,1,1,4,5,3
1518,1,21,1,1,1,2,2,1,4,3,1
1519,1,21,3,1,1,2,1,1,4,1,3
1520,1,11,3,4,4,4,4,1,4,11,1
1521,1,31,3,1,4,4,4,1,4,11,1
1522,1,1,1,1,1,1,1,1,4,11,1
1523,1,6,1,3,1,3,1,1,2,5,1
1524,1,1,3,3,2,3,3,1,2,3,1
1525,1,6,4,3,3,3,2,1,2,1,3
1526,1,6,3,1,1,1,1,1,2,5,3
1527,1,1,3,1,1,1,1,1,2,5,3
1528,1,11,2,2,1,4,2,1,2,3,1
1529,1,11,3,1,1,1,1,1,2,5,.
1530,1,21,3,3,3,3,3,1,3,5,1
1531,1,1,1,1,1,1,1,1,3,1,3
1532,1,1,3,1,1,3,3,1,1,11,.
1533,1,6,1,4,1,3,3,1,1,5,1
1534,1,1,4,2,1,3,1,1,1,5,3
1535,1,6,2,1,2,2,2,1,1,5,4
1536,1,1,1,1,1,4,1,1,1,5,5
1537,1,1,1,1,1,3,2,1,1,5,1
1538,1,1,3,1,1,3,1,1,1,2,1
1539,1,1,3,1,1,2,4,1,1,3,1
1540,1,6,2,3,2,3,3,1,1,11,4
1541,1,1,1,3,1,1,1,1,1,9,.
1542,1,11,3,2,1,2,2,1,1,5,3
1543,1,6,2,1,2,2,3,1,1,1,3
1544,1,1,1,1,1,3,1,1,1,5,.
1545,1,1,1,1,2,2,2,1,1,5,4
1546,1,6,3,1,1,2,2,1,1,1,3
1547,1,1,3,1,1,2,2,1,1,5,4
1548,1,1,1,1,1,2,2,1,1,5,4
1549,1,1,3,1,1,1,1,1,1,9,1
1550,1,1,1,2,1,3,4,1,1,9,.
1551,1,1,1,1,1,1,1,1,1,11,1
1552,1,1,3,1,1,3,3,1,1,9,1
1553,1,1,1,2,3,3,1,1,1,5,4
1554,1,1,2,3,1,2,1,1,1,5,3
1555,1,1,2,1,1,2,2,1,1,5,4
1556,1,6,2,2,1,4,1,1,1,2,5
1557,1,6,1,1,2,3,3,1,1,5,5
1558,1,11,3,1,1,4,4,1,2,5,1
1559,1,11,3,3,2,3,2,1,2,5,1
1560,1,6,3,1,1,4,1,1,2,5,.
1561,1,6,4,4,3,3,2,1,2,5,4
1562,1,11,3,1,1,3,3,1,2,5,1
1563,1,1,3,3,1,1,1,1,2,2,4
1564,1,11,3,4,2,4,4,1,2,1,3
1565,1,11,1,1,1,4,1,1,2,5,1
1566,1,11,2,1,2,3,1,1,2,5,4
1567,1,6,1,2,3,3,3,1,2,2,3
1568,1,6,3,3,1,3,3,1,2,11,1
1569,1,6,3,3,1,3,3,1,2,5,1
1570,1,11,1,1,1,2,2,1,2,3,4
1571,1,11,3,3,1,3,3,1,3,5,3
1572,1,21,3,4,3,3,3,1,3,1,1
1573,1,11,1,1,1,1,1,1,3,11,.
1574,1,11,2,2,2,2,1,1,3,5,3
1575,1,11,3,2,1,4,1,1,3,11,3
1576,1,1,3,2,1,2,2,1,3,5,3
1577,1,6,1,1,2,2,1,1,3,5,1
1578,1,21,3,1,1,1,1,1,3,5,3
1579,1,21,3,1,1,4,1,1,3,1,4
1580,1,21,3,1,1,2,1,1,4,5,3
1581,1,21,1,1,1,1,1,1,4,3,1
1582,1,31,2,1,2,1,1,1,4,5,4
1583,1,31,1,3,2,1,3,1,4,1,5
1584,1,31,3,3,1,3,1,1,4,5,3
1585,1,11,3,1,1,3,1,1,4,5,4
1586,1,31,3,1,1,1,1,1,4,5,4
1587,1,6,1,1,1,2,1,1,1,1,.
1588,1,6,3,3,2,2,2,1,1,5,1
1589,1,1,3,1,1,4,1,1,1,11,.
1590,1,6,3,1,2,4,2,2,1,1,1
1591,1,6,2,1,2,3,2,1,1,3,1
1592,1,6,3,1,1,2,1,1,1,1,1
1593,1,6,3,4,2,4,2,1,1,1,.
1594,1,1,3,3,1,3,2,1,2,1,4
1595,1,11,3,3,2,3,3,1,2,5,3
1596,1,11,2,1,2,4,3,1,2,2,4
1597,1,6,3,1,1,3,2,1,2,2,4
1598,1,11,3,2,1,4,2,1,2,5,3
1599,1,6,3,3,2,3,3,1,2,3,1
1600,1,6,2,2,2,2,1,1,2,5,3
1601,1,6,1,4,1,3,3,1,2,1,4
1602,1,6,2,1,1,3,3,1,2,5,4
1603,1,11,3,1,2,2,4,1,3,5,1
1604,1,21,3,3,1,3,1,1,3,5,3
1605,1,11,1,1,1,1,1,1,3,5,1
1606,1,21,1,1,1,2,1,1,3,3,1
1607,1,11,1,1,1,2,1,1,3,5,4
1608,1,1,3,1,1,3,3,1,3,1,1
1609,1,11,1,1,1,1,4,1,3,3,3
1610,1,11,3,2,3,3,2,1,3,1,4
1611,1,21,4,2,1,4,4,1,3,3,1
1612,1,21,3,1,1,1,1,1,3,5,4
1613,1,21,1,1,1,2,1,1,3,1,5
1614,1,11,3,2,1,1,1,1,3,3,1
1615,1,31,1,3,4,1,1,1,4,11,1
1616,1,21,3,1,1,3,1,1,4,5,4
1617,1,21,4,1,1,4,1,1,4,1,5
1618,1,21,3,3,3,2,4,1,4,1,1
1619,1,21,1,1,1,2,2,1,5,11,1
1620,1,31,3,1,2,1,1,1,5,3,1
1621,1,31,1,2,2,2,2,1,5,11,1
1622,1,21,2,1,1,4,1,1,5,11,.
1623,1,31,3,2,1,1,1,1,5,11,1
1624,1,11,1,4,4,4,1,1,2,1,3
1625,1,11,3,1,2,3,3,1,2,3,3
1626,1,6,3,2,2,4,4,1,2,5,3
1627,1,11,3,1,1,3,1,1,2,1,3
1628,1,1,1,1,1,2,2,1,1,9,1
1629,1,6,3,1,1,3,2,1,1,9,3
1630,1,6,1,1,1,2,3,1,1,2,.
1631,1,6,2,1,1,4,3,1,1,5,1
1632,1,6,1,1,1,2,1,1,1,11,.
1633,1,6,3,1,1,3,1,1,1,5,3
1634,1,6,3,1,1,4,2,1,1,9,.
1635,1,6,1,2,1,3,1,1,1,11,4
1636,1,6,1,1,3,3,3,1,1,5,1
1637,1,1,1,2,1,4,4,1,1,11,.
1638,1,1,3,1,1,1,1,1,1,11,3
1639,1,1,3,1,2,3,3,1,1,2,1
1640,1,6,3,1,1,3,3,1,1,1,5
1641,1,1,3,1,2,4,1,1,1,9,4
1642,1,1,4,1,1,4,1,1,1,11,3
1643,1,1,2,1,1,4,1,1,1,9,1
1644,1,1,3,1,1,4,3,1,1,9,1
1645,1,1,3,1,1,2,1,1,1,11,1
1646,1,1,1,1,1,1,1,1,1,11,1
1647,1,11,3,1,1,3,2,1,2,1,.
1648,1,11,3,1,1,3,2,1,2,2,3
1649,1,11,3,3,2,2,1,1,2,2,.
1650,1,11,3,1,1,1,1,1,2,1,4
1651,1,11,1,3,1,1,1,1,2,1,5
1652,1,11,1,3,3,3,4,1,2,11,1
1653,1,6,3,2,1,3,2,1,2,5,3
1654,1,11,1,1,1,1,1,1,2,1,3
1655,1,21,2,1,3,3,3,1,2,2,4
1656,1,1,3,1,1,3,1,1,2,1,5
1657,1,11,1,1,1,3,1,1,2,5,3
1658,1,1,1,1,3,4,4,1,1,5,4
1659,1,6,1,1,1,1,1,1,1,1,3
1660,1,6,2,1,1,2,1,1,1,2,4
1661,1,6,2,4,4,3,1,1,1,9,4
1662,1,6,1,1,1,3,3,1,1,5,4
1663,1,6,2,4,1,2,2,1,1,11,1
1664,1,6,1,4,1,4,4,1,1,3,1
1665,1,1,1,1,1,1,4,1,1,2,3
1666,1,6,3,1,1,3,2,1,1,1,5
1667,1,1,3,1,1,3,2,1,1,2,3
1668,1,1,3,1,1,2,2,1,1,11,3
1669,1,1,1,1,1,2,2,1,1,1,4
1670,1,1,3,1,1,2,2,1,1,5,3
1671,1,1,3,1,1,1,1,1,1,5,3
1672,1,1,1,1,1,4,1,1,1,2,3
1673,1,1,1,1,1,1,1,1,1,11,4
1674,1,1,1,1,1,1,1,1,1,9,5
1675,1,1,2,1,3,4,2,1,1,9,3
1676,1,6,1,4,1,2,1,1,1,9,3
1677,1,6,2,1,1,4,1,1,1,11,3
1678,1,1,3,1,1,3,3,1,1,11,3
1679,1,1,2,1,1,4,1,1,1,11,1
1680,1,6,3,1,1,3,1,1,1,5,1
1681,1,6,1,1,1,3,4,1,2,1,3
1682,1,6,1,1,1,3,2,1,2,1,3
1683,1,11,1,1,1,2,2,1,2,1,3
1684,1,6,3,3,1,2,1,1,2,5,1
1685,1,6,3,1,1,3,1,1,2,5,3
1686,1,6,1,2,1,3,3,1,2,1,4
1687,1,11,3,1,1,4,2,1,2,1,5
1688,1,11,3,1,1,4,1,1,2,5,1
1689,1,11,4,1,1,3,3,1,2,1,4
1690,1,11,3,4,1,2,1,1,2,5,1
1691,1,6,3,1,1,4,4,1,2,5,1
1692,1,11,3,2,1,3,3,1,2,11,5
1693,1,6,3,1,1,4,2,1,2,5,1
1694,1,21,3,1,1,2,1,1,3,5,1
1695,1,6,4,1,4,3,4,1,3,11,4
1696,1,6,1,4,4,3,1,1,3,11,1
1697,1,21,1,1,1,3,2,1,4,5,3
1698,1,31,1,2,4,1,4,1,5,11,1
1699,1,1,1,1,1,3,2,1,1,9,3
1700,1,6,2,1,1,2,1,1,1,9,4
1701,1,1,1,1,1,1,1,1,1,5,3
1702,1,1,3,1,1,3,3,1,1,9,1
1703,1,6,1,1,1,3,1,1,1,9,4
1704,1,6,1,1,1,2,1,1,1,9,3
1705,1,6,1,1,1,1,1,1,1,9,4
1706,1,6,3,1,1,3,1,1,1,3,1
1707,1,1,3,1,1,2,2,1,1,3,4
1708,1,6,3,1,1,3,1,1,1,2,1
1709,1,6,1,1,2,1,1,1,1,9,3
1710,1,1,1,1,1,1,1,1,1,1,4
1711,1,6,1,1,1,4,1,1,1,9,3
1712,1,6,3,1,1,1,1,1,1,5,1
1713,1,6,3,1,2,2,2,1,1,9,1
1714,1,6,1,1,1,1,2,1,1,9,4
1715,1,1,3,1,1,3,2,1,1,9,5
1716,1,1,1,1,1,1,1,1,1,9,4
1717,1,6,1,2,2,3,3,1,1,5,5
1718,1,1,1,1,1,1,1,1,1,9,3
1719,1,1,3,1,1,2,1,1,1,9,3
1720,1,1,3,3,3,3,1,1,1,5,5
1721,1,6,1,1,3,1,1,1,1,9,3
1722,1,1,3,1,1,1,1,1,1,9,4
1723,1,6,1,1,1,3,2,1,1,11,.
1724,1,1,1,1,1,3,2,1,1,9,4
1725,1,6,3,3,1,3,1,1,2,5,3
1726,1,6,3,1,1,2,2,1,2,5,1
1727,1,6,3,1,3,3,1,1,2,5,3
1728,1,11,3,1,1,3,1,1,2,5,1
1729,1,6,3,2,2,2,2,1,2,5,1
1730,1,11,3,3,2,3,2,1,2,5,4
1731,1,11,2,1,1,4,2,1,2,5,1
1732,1,11,3,3,2,3,3,1,2,5,1
1733,1,11,1,2,1,2,1,1,2,5,1
1734,1,11,1,1,1,3,3,1,2,5,4
1735,1,1,1,1,1,2,2,1,1,5,1
1736,1,1,2,1,2,2,2,1,1,5,1
1737,1,1,1,1,1,2,1,1,1,5,1
1738,1,1,1,1,1,4,2,1,1,5,.
1739,1,6,3,3,3,3,1,1,1,5,5
1740,1,6,3,2,1,3,1,1,1,5,3
1741,1,6,1,3,1,3,2,1,1,5,1
1742,1,6,3,1,1,2,4,1,1,5,1
1743,1,1,1,1,1,2,1,1,1,5,4
1744,1,1,1,3,3,3,3,1,1,5,.
1745,1,11,1,1,2,3,1,1,1,5,1
1746,1,6,1,1,1,4,1,1,1,5,4
1747,1,11,1,1,1,3,3,1,2,5,.
1748,1,11,3,1,1,3,1,1,2,5,1
1749,1,6,3,3,1,1,1,1,1,2,3
1750,1,1,3,1,1,1,1,1,1,5,1
1751,1,1,1,1,3,2,1,1,1,9,1
1752,1,6,3,1,1,4,2,1,1,2,1
1753,1,1,3,1,3,4,1,1,1,9,3
1754,1,6,3,1,1,4,4,1,1,2,1
1755,1,6,3,1,2,2,2,1,1,2,1
1756,1,1,2,1,2,3,2,1,1,2,1
1757,1,6,2,1,1,2,2,1,1,2,1
1758,1,1,1,2,1,2,2,1,1,2,1
1759,1,1,1,2,1,2,2,1,1,2,1
1760,1,1,3,2,1,3,1,1,1,11,5
1761,1,1,1,1,1,2,1,1,1,2,3
1762,1,1,3,1,1,2,1,1,1,2,4
1763,1,1,1,2,1,1,1,1,1,2,5
1764,1,6,3,1,1,4,4,1,2,5,1
1765,1,11,3,3,4,4,4,1,2,1,4
1766,1,6,1,3,2,3,2,1,2,1,4
1767,1,6,3,1,1,4,4,1,2,1,3
1768,1,6,3,4,1,1,1,1,2,1,5
1769,1,6,3,1,1,4,2,1,2,1,3
1770,1,6,1,1,1,4,2,1,2,5,4
1771,1,11,2,4,2,2,2,1,2,3,1
1772,1,6,2,2,2,2,2,1,2,5,1
1773,1,6,3,2,3,2,2,1,2,1,1
1774,1,6,2,1,2,1,2,1,2,1,4
1775,1,6,3,1,1,2,1,1,2,1,4
1776,1,11,3,3,1,3,2,1,2,1,4
1777,1,11,1,1,1,4,3,1,2,2,3
1778,1,11,3,1,4,4,4,1,2,1,4
1779,1,6,3,1,1,4,2,1,2,5,1
1780,1,11,1,1,3,4,3,1,2,3,.
1781,1,11,3,2,1,3,3,1,2,2,3
1782,1,11,1,1,2,2,1,1,2,2,4
1783,1,11,3,1,1,2,2,1,2,1,4
1784,1,6,1,1,1,2,2,1,2,1,3
1785,1,21,3,3,1,4,4,1,3,11,1
1786,1,11,3,3,1,4,2,1,3,3,3
1787,1,11,3,1,1,3,3,1,3,1,1
1788,1,21,1,1,2,1,1,1,4,11,1
1789,1,11,3,1,1,4,4,1,4,1,1
1790,1,31,3,1,4,1,1,1,5,11,1
1791,1,1,1,1,1,4,1,1,1,1,3
1792,1,6,3,1,2,3,4,1,1,1,1
1793,1,1,2,1,1,3,1,1,1,2,5
1794,1,1,3,1,1,3,3,1,1,9,.
1795,1,1,3,1,1,1,3,1,1,9,.
1796,1,6,1,1,3,1,1,1,1,9,3
1797,1,1,3,1,1,3,2,1,1,9,4
1798,1,1,1,1,1,3,2,1,1,9,3
1799,1,1,3,1,1,2,2,1,1,9,4
1800,1,11,3,1,1,3,3,1,2,1,3
1801,1,6,1,1,1,4,4,1,2,1,.
1802,1,11,1,1,1,3,2,1,2,1,1
1803,1,6,1,1,2,4,1,1,2,2,3
1804,1,6,1,1,1,1,1,1,2,1,3
1805,1,1,1,1,1,4,1,1,1,9,.
1806,1,6,3,1,4,4,4,1,1,1,3
1807,1,6,3,1,1,3,1,1,1,1,3
1808,1,1,3,1,1,2,2,1,1,9,.
1809,1,6,3,1,1,1,1,1,1,9,3
1810,1,1,3,1,1,1,1,1,1,9,5
1811,1,6,2,1,1,4,1,1,1,1,4
1812,1,6,3,1,1,2,1,1,1,1,4
1813,1,1,1,3,1,3,4,1,1,5,5
1814,1,6,1,1,3,1,1,1,1,9,.
1815,1,6,3,2,1,2,1,1,1,1,4
1816,1,6,3,3,1,3,3,1,1,11,4
1817,1,1,3,3,1,3,2,1,1,5,3
1818,1,6,1,4,1,3,1,1,1,11,.
1819,1,6,3,1,1,4,1,1,1,5,3
1820,1,6,3,2,1,4,1,1,1,5,1
1821,1,6,1,1,1,4,4,1,1,5,.
1822,1,1,1,1,2,1,1,1,1,9,3
1823,1,1,3,1,3,4,1,1,1,11,.
1824,1,6,1,1,1,2,1,1,1,9,1
1825,1,6,1,4,1,1,4,1,1,1,3
1826,1,1,3,3,1,4,1,1,1,9,4
1827,1,6,2,2,1,4,4,1,2,11,1
1828,1,6,3,3,1,4,1,1,2,1,4
1829,1,6,2,1,1,3,2,1,2,5,.
1830,1,11,1,1,1,1,1,1,2,1,.
1831,1,6,1,1,1,4,4,1,2,11,1
1832,1,11,2,2,2,4,4,1,2,1,.
1833,1,6,3,1,1,2,2,1,2,1,1
1834,1,6,3,1,1,2,1,1,2,1,3
1835,1,11,3,3,2,2,2,1,2,5,4
1836,1,1,3,1,1,4,1,1,2,5,4
1837,1,11,1,1,1,4,1,1,2,5,3
1838,1,11,2,1,1,4,1,1,2,5,4
1839,1,11,1,1,1,1,1,1,2,2,4
1840,1,11,2,2,1,4,1,1,3,.,.
1841,1,21,3,1,1,3,3,1,3,11,.
1842,1,11,1,1,1,4,4,1,3,1,5
1843,1,11,2,1,1,4,4,1,3,1,.
1844,1,11,1,1,1,4,3,1,3,1,.
1845,1,11,2,1,1,1,1,1,3,1,5
1846,1,11,3,3,3,3,3,1,3,3,1
1847,1,11,3,3,2,4,4,1,3,5,4
1848,1,11,1,2,4,3,1,1,4,1,3
1849,1,31,4,1,2,3,3,1,4,11,4
1850,1,6,3,2,1,3,3,1,1,9,5
1851,1,6,1,1,2,3,2,1,1,5,5
1852,1,6,3,1,3,2,2,1,1,2,4
1853,1,6,3,3,3,1,4,1,1,5,.
1854,1,6,1,3,1,4,1,1,1,5,1
1855,1,6,1,1,1,4,1,1,1,5,1
1856,1,1,1,1,1,4,1,1,1,3,3
1857,1,6,1,1,1,4,1,1,1,9,3
1858,1,6,3,3,1,3,1,1,1,9,5
1859,1,6,3,1,1,2,2,1,1,5,5
1860,1,1,1,1,1,4,4,1,1,9,4
1861,1,6,4,3,1,3,3,1,1,5,1
1862,1,6,3,1,2,3,2,1,1,5,3
1863,1,6,1,1,1,1,1,1,1,5,3
1864,1,6,3,3,1,2,3,1,1,2,1
1865,1,1,3,3,3,4,1,1,1,9,3
1866,1,1,3,3,1,4,1,1,1,9,1
1867,1,6,3,3,1,4,4,1,1,11,1
1868,1,1,3,3,2,3,2,1,1,11,4
1869,1,11,1,2,1,3,4,1,2,2,3
1870,1,6,3,1,1,4,3,1,2,5,3
1871,1,11,1,1,1,1,1,1,2,5,1
1872,1,11,3,2,2,3,4,1,2,5,4
1873,1,11,1,1,1,2,2,1,2,5,4
1874,1,11,4,4,2,4,4,1,3,5,1
1875,1,11,1,1,1,4,1,1,3,3,1
1876,1,31,2,1,4,3,3,1,4,5,4
1877,1,6,1,1,1,3,1,1,5,11,1
1878,1,31,1,1,1,1,1,1,5,11,1
1879,1,11,3,1,1,3,3,1,5,11,4
1880,1,11,1,1,1,3,1,1,3,1,1
1881,1,21,1,1,1,3,3,1,3,5,4
1882,1,11,3,1,1,2,2,1,3,1,3
1883,1,21,3,1,1,4,1,1,3,11,1
1884,1,11,3,4,4,4,4,1,3,11,1
1885,1,6,1,2,1,3,2,1,1,5,3
1886,1,1,1,1,1,3,4,1,1,9,3
1887,1,1,2,2,2,4,3,1,1,11,4
1888,1,1,3,4,2,2,4,1,1,2,1
1889,1,1,1,1,1,1,1,1,1,3,.
1890,1,1,1,1,1,4,3,1,1,9,4
1891,1,1,3,1,3,1,1,1,1,9,4
1892,1,1,1,4,1,3,1,1,1,9,5
1893,1,1,3,1,2,2,1,1,1,9,3
1894,1,1,1,1,1,1,1,1,1,5,4
1895,1,1,1,1,1,4,1,1,1,5,3
1896,1,1,1,1,1,4,1,1,1,9,3
1897,1,6,3,1,1,3,1,1,1,5,1
1898,1,6,3,2,1,4,4,1,1,1,5
1899,1,1,3,4,2,3,3,1,1,5,3
1900,1,1,3,1,1,4,1,2,1,11,4
1901,1,1,3,1,2,3,1,1,1,5,5
1902,1,1,3,1,1,3,1,2,1,5,5
1903,1,1,3,1,1,1,4,1,1,9,4
1904,1,1,3,4,4,1,2,1,1,1,.
1905,1,1,1,1,3,3,1,1,1,9,3
1906,1,1,2,3,1,1,2,1,1,5,5
1907,1,6,1,1,1,2,1,1,1,5,4
1908,1,1,1,1,3,3,1,1,1,9,4
1909,1,6,2,3,1,3,1,1,1,5,1
1910,1,6,1,3,1,4,2,1,1,5,3
1911,1,1,3,1,1,4,4,1,1,2,1
1912,1,1,3,1,2,4,1,1,1,5,3
1913,1,6,3,4,1,4,1,1,1,2,1
1914,1,6,3,1,1,3,3,1,1,3,4
1915,1,1,1,1,1,2,2,1,1,11,4
1916,1,6,1,1,1,4,4,1,1,5,1
1917,1,1,3,1,1,3,3,1,1,9,3
1918,1,6,1,1,1,3,3,1,1,9,1
1919,1,6,3,1,1,3,3,1,1,11,1
1920,1,1,2,1,1,3,1,1,1,5,1
1921,1,6,2,4,1,3,1,1,2,5,1
1922,1,11,3,1,2,3,1,1,2,2,3
1923,1,6,3,1,2,3,4,1,2,5,1
1924,1,11,3,1,2,2,3,1,2,1,1
1925,1,11,3,1,1,3,3,1,2,5,.
1926,1,11,3,4,1,4,3,1,2,1,5
1927,1,11,3,1,1,3,3,1,2,5,4
1928,1,1,3,1,1,4,4,1,2,5,1
1929,1,11,3,3,2,3,4,1,2,3,4
1930,1,11,3,1,1,3,2,1,2,3,3
1931,1,11,3,1,1,1,1,1,2,2,4
1932,1,6,3,1,1,1,1,1,2,3,1
1933,1,11,1,1,1,3,3,1,3,5,5
1934,1,31,3,3,1,3,3,1,4,3,3
1935,1,21,2,3,2,4,3,1,4,5,.
1936,1,1,1,1,1,2,1,1,1,9,3
1937,1,11,2,1,1,2,2,1,2,5,1
1938,1,21,3,2,2,2,2,1,2,5,3
1939,1,1,3,1,1,3,3,1,1,5,.
1940,1,11,2,2,2,3,2,1,3,2,3
1941,1,11,2,2,3,3,3,2,3,11,1
1942,1,1,3,1,1,2,2,1,1,9,3
1943,1,6,4,4,4,3,3,1,3,1,1
1944,1,21,3,1,1,3,1,1,3,1,5
1945,1,21,1,1,1,1,1,1,4,5,4
1946,1,6,1,1,1,2,1,1,1,2,1
1947,1,6,3,1,1,2,1,1,1,9,5
1948,1,1,2,1,1,2,2,1,1,5,4
1949,1,6,2,2,1,2,2,1,1,9,1
1950,1,1,1,3,1,1,1,1,1,11,3
1951,1,6,2,2,2,2,2,1,1,9,5
1952,1,6,2,2,3,2,2,1,1,5,3
1953,1,6,3,3,3,3,2,1,1,5,5
1954,1,6,2,1,2,2,2,1,1,1,1
1955,1,6,2,4,1,2,2,1,1,5,3
1956,1,1,1,1,2,2,2,1,1,9,4
1957,1,1,3,1,1,2,2,1,1,9,3
1958,1,6,3,3,3,3,3,1,1,11,4
1959,1,6,1,2,1,2,2,1,1,5,4
1960,1,1,3,2,3,3,3,1,1,1,4
1961,1,6,3,2,1,2,2,1,2,3,1
1962,1,6,3,3,2,4,2,1,2,3,3
1963,1,11,1,3,1,2,2,1,2,3,1
1964,1,11,3,1,1,3,3,1,2,5,4
1965,1,21,3,1,1,2,1,1,2,3,3
1966,1,11,3,1,1,2,2,1,2,3,1
1967,1,11,2,3,2,3,3,1,2,5,4
1968,1,11,1,1,1,3,3,1,2,5,4
1969,1,6,2,1,1,1,1,1,2,2,5
1970,1,6,3,3,2,3,3,1,2,5,.
1971,1,11,3,2,1,1,1,1,2,5,3
1972,1,11,2,2,2,4,2,1,2,5,3
1973,1,6,3,1,2,2,3,1,2,3,3
1974,1,11,3,1,1,4,4,1,2,5,4
1975,1,6,3,3,1,3,1,1,1,5,1
1976,1,6,1,1,1,1,2,1,1,5,4
1977,1,6,2,1,2,4,2,1,1,9,5
1978,1,1,2,1,1,2,2,1,1,9,3
1979,1,6,1,1,2,4,1,1,1,3,3
1980,1,6,4,4,2,4,2,1,1,5,1
1981,1,6,1,3,4,4,1,1,1,5,3
1982,1,6,1,1,2,2,2,1,1,2,3
1983,1,6,3,2,2,3,2,1,1,5,3
1984,1,6,2,2,2,1,4,1,1,5,3
1985,1,21,1,1,2,3,1,1,3,5,3
1986,1,11,1,1,1,1,2,1,3,5,3
1987,1,11,2,1,2,3,3,1,4,5,4
1988,1,11,3,2,2,2,2,1,4,5,4
1989,1,11,3,4,1,3,3,1,3,1,3
1990,1,11,3,2,1,3,1,1,2,5,3
1991,1,11,3,1,4,4,1,1,2,1,3
1992,1,6,1,1,1,1,1,1,2,5,1
1993,1,11,3,3,2,3,1,1,2,3,4
1994,1,6,3,3,1,4,3,1,2,1,4
1995,1,1,3,4,1,3,1,1,2,3,1
1996,1,1,3,1,1,1,1,1,1,9,1
1997,1,1,3,1,1,1,1,1,1,11,1
1998,1,1,3,1,1,1,1,1,1,9,1
1999,1,31,1,2,2,2,2,1,5,1,1
2000,1,6,3,2,3,3,3,1,2,1,1
